"business_id","name","address","city","state","postal_code","latitude","longitude","stars","review_count","is_open","attributes","categories","hours"
"cv-Fmj7s5kdJfnu_dJTyow","Nashville Chiropractic","917 8th Ave S, Ste C","Nashville","TN","37203","36.1457988","-86.7794576","5.0","7","1","{acceptsinsurance=True, businessacceptscreditcards=True, byappointmentonly=True, wifi=u'free'}","Chiropractors, Health & Medical","{wednesday=15:0-18:0, thursday=15:0-17:0, friday=8:0-13:0, tuesday=8:0-13:0, monday=0:0-0:0}"
"UcYdJARGqmGduRNKYyhIuQ","Pep Boys","6022 Gunn Hwy","Tampa","FL","33625","28.062855","-82.549433","3.5","16","1","{businessacceptscreditcards=True}","Auto Repair, Automotive, Tires, Oil Change Stations","{sunday=9:0-17:0, saturday=7:0-19:0, tuesday=8:0-18:0, wednesday=8:0-18:0, thursday=8:0-18:0, friday=7:0-19:0, monday=8:0-18:0}"
"gcJP4kRAaWNu_d8SdYmGnQ","Bliss CBD Wellness Market","13721 N Dale Mabry Hwy","Tampa","FL","33618","28.0706214","-82.5055541","4.0","6","1","{businessacceptscreditcards=True, bikeparking=True, wifi=u'free', wheelchairaccessible=True, businessparking={'garage': False, 'street': False, 'validated': False, 'lot': True, 'valet': False}, acceptsinsurance=False, dogsallowed=True, businessacceptsbitcoin=True}","Health & Medical, Doctors, Shopping, Cannabis Dispensaries, Naturopathic/Holistic, Vitamins & Supplements","{sunday=12:0-18:0, saturday=10:0-19:0, tuesday=10:0-19:0, wednesday=10:0-19:0, thursday=10:0-19:0, friday=10:0-19:0, monday=0:0-0:0}"
"72XVowaU7C8yWjBHMBCSFA","Viviano Heating & AC","201 W Main St","Collinsville","IL","62234","38.6696448","-89.9876702","4.0","7","1","{businessacceptscreditcards=True, byappointmentonly=False}","Home & Garden, Appliances, Home Services, Dry Cleaning & Laundry, Local Services, Heating & Air Conditioning/HVAC, Shopping","{sunday=0:0-0:0, saturday=0:0-0:0, tuesday=0:0-0:0, wednesday=0:0-0:0, thursday=0:0-0:0, friday=0:0-0:0, monday=0:0-0:0}"
"Gkg9pCCoyYpqGt_EejOi2A","El Presidio Bed & Breakfast Inn","297 N Main Ave","Tucson","AZ","85701","32.2255169","-110.9758579","4.5","5","1",,"Event Planning & Services, Bed & Breakfast, Hotels & Travel, Hotels",
"cNwftoapvakCh1jPhUIjhA","Lansdowne Dry Cleaners","44 W Baltimore Ave","Lansdowne","PA","19050","39.9373515","-75.2731122","3.0","5","1","{restaurantspricerange2=1, businessparking={'garage': False, 'street': False, 'validated': False, 'lot': False, 'valet': False}, wifi=u'no'}","Dry Cleaning & Laundry, Local Services, Dry Cleaning, Laundry Services","{saturday=8:0-18:0, tuesday=8:0-19:0, wednesday=8:0-19:0, thursday=8:0-19:0, friday=8:0-19:0, monday=8:0-19:0}"
"yqjA_Sd1c_aYPyaDyz3wbQ","Ulta Beauty","1619 Walnut St, Fl 1","Philadelphia","PA","19103","39.9500869","-75.1683553","3.0","125","0","{restaurantspricerange2=2, businessparking={'garage': False, 'street': True, 'validated': False, 'lot': False, 'valet': False}, businessacceptscreditcards=True, byappointmentonly=False, bikeparking=True}","Beauty & Spas, Cosmetics & Beauty Supply, Shopping, Skin Care, Hair Salons","{sunday=11:0-18:0, saturday=10:0-20:0, tuesday=10:0-20:0, wednesday=10:0-20:0, thursday=10:0-20:0, friday=10:0-20:0, monday=10:0-20:0}"
"looMp6c1telXP9-k7yOUKQ","7 Oil","","Cinnaminson","NJ","08077","39.9969646","-74.9927693","3.5","18","1","{businessacceptscreditcards=True, byappointmentonly=True}","Building Supplies, Contractors, Home Services, Heating & Air Conditioning/HVAC","{saturday=7:0-19:0, tuesday=7:0-19:0, wednesday=7:0-19:0, thursday=0:0-0:0, friday=0:0-0:0, monday=7:0-19:0}"
"JDtG3M0fW4Q0BgWTALRCvw","Piazza Acura of West Chester - Service","1330 Wilmington Pike","West Chester","PA","19382","39.903682","-75.5669246","2.0","6","1",,"Automotive, Auto Repair","{saturday=8:0-17:0, tuesday=7:0-19:0, wednesday=7:0-19:0, thursday=7:0-19:0, friday=7:0-18:0, monday=7:0-19:0}"
"61wYOnnFmWoXF3x_bJz2vQ","Orange Leaf Frozen Yogurt","9930 Kennerly Rd","St. Louis","MO","63128","38.5068402","-90.3765972","3.0","7","0","{restaurantspricerange2=1, restaurantstakeout=True, businessacceptscreditcards=True, wifi=u'no', bikeparking=True, businessparking={'garage': False, 'street': False, 'validated': False, 'lot': False, 'valet': False}}","Do-It-Yourself Food, Ice Cream & Frozen Yogurt, Food, Desserts","{sunday=12:0-21:0, saturday=12:0-22:0, tuesday=12:0-21:0, wednesday=12:0-21:0, thursday=12:0-21:0, friday=12:0-22:0, monday=12:0-21:0}"
"ziboGqQp73ft2yU5H-ZN3Q","JCPenney","3236 Kirkwood Hwy","Wilmington","DE","19808","39.734935","-75.624777","2.5","8","1","{restaurantspricerange2=2, businessparking=None, businessacceptscreditcards=True, bikeparking=False}","Baby Gear & Furniture, Women's Clothing, Men's Clothing, Home & Garden, Appliances, Department Stores, Fashion, Shopping, Children's Clothing","{sunday=7:0-18:0, saturday=10:0-21:0, tuesday=7:0-22:0, wednesday=10:0-21:0, thursday=10:0-21:0, friday=10:0-21:0}"
"6yLtlDGlADXFv1UgxBJb8A","J. Joseph Salon","18861 State Rd 54","Lutz","FL","33558","28.195023","-82.503639","4.0","51","1","{restaurantspricerange2=2, businessacceptscreditcards=True, goodforkids=True, bikeparking=False, wifi=u'free', wheelchairaccessible=True, businessparking={'garage': False, 'street': False, 'validated': False, 'lot': True, 'valet': False}, byappointmentonly=False, businessacceptsbitcoin=False, hairspecializesin={'straightperms': True, 'coloring': True, 'extensions': True, 'africanamerican': True, 'curly': True, 'kids': True, 'perms': True, 'asian': True}}","Makeup Artists, Waxing, Day Spas, Hair Salons, Hair Removal, Beauty & Spas, Hair Extensions","{sunday=11:0-17:0, saturday=8:0-19:0, tuesday=8:0-20:0, wednesday=8:0-20:0, thursday=9:0-16:0, friday=8:0-20:0, monday=0:0-0:0}"
"fm0Of_JK18tcA9rPBpXEIA","Bronx Pizzeria","7689 S Virginia St, Ste A","Reno","NV","89511","39.4572972","-119.7796963","4.0","44","0","{alcohol=u'beer_and_wine', businessacceptscreditcards=True, wifi=u'free', goodforkids=True, restaurantsreservations=False, businessparking={'garage': False, 'street': False, 'validated': False, 'lot': True, 'valet': False}, caters=True, restaurantsgoodforgroups=True, restaurantsattire=u'casual', restaurantspricerange2=2, restaurantstakeout=True, ambience={'romantic': False, 'intimate': False, 'touristy': False, 'hipster': False, 'divey': False, 'classy': False, 'trendy': False, 'upscale': False, 'casual': True}, restaurantsdelivery=True, noiselevel=u'average', hastv=True, outdoorseating=False}","Italian, Food, Pizza, Restaurants","{sunday=11:0-21:0, saturday=11:0-22:0, tuesday=11:0-21:0, wednesday=11:0-21:0, thursday=11:0-21:0, friday=11:0-22:0, monday=11:0-21:0}"
"6mv5UsVxpXpubursdimepg","Cipriani Remodeling Solutions","665 N Broad St","Woodbury","NJ","08096","39.846038","-75.147287","2.5","5","1","{businessacceptscreditcards=True, businessacceptsbitcoin=False}","Home Services, Interior Design, Shopping, Home & Garden, Architects, Professional Services, Contractors, Kitchen & Bath","{wednesday=9:0-18:0, thursday=9:0-18:0, friday=9:0-18:0, tuesday=9:0-18:0, monday=9:0-18:0}"
"HLiEkWfZhMN-EWGDOUQCLQ","New Hope Veterinary Clinic","5420 Hwy 41A","Joelton","TN","37080","36.3495087","-86.9360523466","3.0","5","1",,"Veterinarians, Pets, Pet Boarding, Pet Sitting, Pet Services","{saturday=8:0-12:0, tuesday=8:0-17:30, wednesday=8:0-17:30, thursday=8:0-17:30, friday=8:0-17:30, monday=8:0-17:30}"
"5Jta7dTc7lteIyeMfLUJWQ","Corner Oyster House","500 Saint Peter St","New Orleans","LA","70130","29.9567528","-90.0630602","2.5","651","1","{goodforkids=True, restaurantsreservations=True, byob=False, businessparking={u'valet': False, u'garage': False, u'street': None, u'lot': False, u'validated': False}, restaurantsgoodforgroups=True, restaurantsattire='casual', restaurantstakeout=True, restaurantspricerange2=2, restaurantstableservice=True, wheelchairaccessible=True, happyhour=True, noiselevel='average', restaurantsdelivery=True, dogsallowed=False, businessacceptsbitcoin=False, alcohol=u'full_bar', businessacceptscreditcards=True, bikeparking=True, wifi='no', caters=False, goodformeal={'dessert': None, 'latenight': None, 'lunch': True, 'dinner': True, 'brunch': None, 'breakfast': None}, ambience={'touristy': False, 'hipster': False, 'romantic': False, 'divey': False, 'intimate': False, 'trendy': False, 'upscale': False, 'classy': True, 'casual': True}, hastv=True, outdoorseating=True}","Seafood, Cajun/Creole, Restaurants","{sunday=10:0-22:0, saturday=10:0-23:0, tuesday=10:0-21:0, wednesday=10:0-21:0, thursday=10:0-21:0, friday=10:0-23:0, monday=10:0-21:0}"
"gJe195hTWCJu4y6Q9vSmcg","The Beer Hunter","7522 178 Street NW","Edmonton","AB","T5T 2Y5","53.5085575","-113.6313841","3.5","24","0","{goodforkids=False, restaurantsreservations=True, businessparking={'garage': False, 'street': False, 'validated': False, 'lot': True, 'valet': False}, restaurantsgoodforgroups=True, restaurantsattire=u'casual', restaurantstakeout=True, restaurantspricerange2=2, music={'dj': False, 'background_music': False, 'no_music': False, 'jukebox': False, 'live': False, 'video': False, 'karaoke': False}, restaurantstableservice=True, wheelchairaccessible=True, happyhour=True, restaurantsdelivery=False, noiselevel='average', dogsallowed=False, alcohol=u'full_bar', bikeparking=True, wifi=u'free', coatcheck=False, caters=True, goodformeal={'dessert': False, 'latenight': False, 'lunch': False, 'dinner': False, 'brunch': False, 'breakfast': False}, ambience={'romantic': False, 'intimate': False, 'classy': False, 'hipster': False, 'divey': False, 'touristy': False, 'trendy': False, 'upscale': False, 'casual': True}, hastv=True, bestnights={'monday': False, 'tuesday': False, 'friday': True, 'wednesday': True, 'thursday': False, 'sunday': False, 'saturday': True}, outdoorseating=True}","Bars, Nightlife, Pubs, Sports Bars, Canadian (New), American (Traditional), Restaurants","{sunday=11:0-0:0, saturday=11:0-2:0, tuesday=11:0-2:0, wednesday=11:0-2:0, thursday=11:0-2:0, friday=11:0-2:0, monday=11:0-1:0}"
"fpAr0vafPdisLY3euCh6DA","The STIL","3724 S Eckert Rd","Boise","ID","83716","43.5681349195","-116.1215679415","4.5","12","1","{businessparking={u'valet': False, u'garage': None, u'street': None, u'lot': None, u'validated': False}}","Food, Desserts, Gelato","{sunday=12:0-21:30, saturday=12:0-22:0, tuesday=13:0-21:30, wednesday=13:0-21:30, thursday=13:0-21:30, friday=12:0-22:0, monday=0:0-0:0}"
"x4855nj7vfdXeVpg5fREZA","1100 Social","1100 Pattison Ave","Philadelphia","PA","19148","39.9041687186","-75.1691288928","3.0","42","1","{alcohol=u'full_bar', businessacceptscreditcards=True, goodforkids=False, restaurantsreservations=True, bikeparking=True, wifi=u'no', businessparking={'garage': False, 'street': None, 'validated': False, 'lot': None, 'valet': False}, goodfordancing=False, restaurantsgoodforgroups=True, restaurantsattire='casual', restaurantspricerange2=2, restaurantstakeout=True, music={'dj': None, 'background_music': False, 'no_music': False, 'jukebox': None, 'live': False, 'video': False, 'karaoke': None}, goodformeal={'dessert': False, 'latenight': True, 'lunch': False, 'dinner': True, 'brunch': False, 'breakfast': False}, restaurantstableservice=True, happyhour=True, ambience={'touristy': False, 'hipster': False, 'romantic': False, 'divey': False, 'intimate': False, 'trendy': True, 'upscale': False, 'classy': True, 'casual': False}, noiselevel=u'average', restaurantsdelivery=False, smoking=u'no', hastv=True, bestnights={'monday': False, 'tuesday': False, 'friday': False, 'wednesday': False, 'thursday': False, 'sunday': True, 'saturday': True}, outdoorseating=True}","Bars, Nightlife, Restaurants, American (New)","{saturday=16:0-0:0, tuesday=16:0-22:0, wednesday=16:0-22:0, thursday=16:0-22:0, friday=16:0-0:0, monday=16:0-22:0}"
"foW9-4F2NrN4Q5qEKa11pA","J & W Tree Service","","Harahan","LA","70123","29.9404826","-90.2031313","3.5","7","1","{businessacceptscreditcards=False, byappointmentonly=True, businessacceptsbitcoin=False}","Firewood, Home Services, Tree Services","{wednesday=7:0-16:0, thursday=7:0-16:0, friday=7:0-16:0, tuesday=7:0-16:0, monday=7:0-16:0}"
"JiKUnNJAjJMpH5WH7Mt70A","Dave's Carpet & Window Cleaning","11155 S Towne Square Dr","Saint Louis","MO","63128","38.5150623","-90.3365747","4.0","12","1","{businessacceptscreditcards=True, byappointmentonly=True}","Flooring, Professional Services, Air Duct Cleaning, Carpet Cleaning, Window Washing, Home Services, Office Cleaning, Grout Services, Local Services","{wednesday=9:0-17:0, thursday=9:0-17:0, friday=9:0-17:0, tuesday=9:0-17:0, monday=0:0-0:0}"
"ecpBCBmInVvACywYRWxfZA","Elite Eye Group","707 Liberty Pl","Sicklerville","NJ","08081","39.747832","-75.001685","3.5","8","1","{businessacceptscreditcards=True, wifi=u'no', bikeparking=True, wheelchairaccessible=True, acceptsinsurance=True, byappointmentonly=True}","Eyewear & Opticians, Ophthalmologists, Shopping, Optometrists, Health & Medical, Doctors","{wednesday=8:0-17:0, thursday=9:30-18:0, friday=8:0-17:0, tuesday=8:0-17:0, monday=8:0-17:0}"
"mpGOvVJE2Yi-5AAPPYM3hw","Sweet Things and Grill","3301 General De Gaulle Dr","New Orleans","LA","70114","29.9266302944","-90.0262342504","2.5","9","0","{restaurantstakeout=True, restaurantspricerange2=2, businessacceptscreditcards=True, restaurantsreservations=False, goodforkids=True, ambience={'touristy': False, 'hipster': False, 'romantic': False, 'divey': False, 'intimate': False, 'trendy': False, 'upscale': False, 'classy': False, 'casual': False}, restaurantsdelivery=False, hastv=True, restaurantsgoodforgroups=False, restaurantsattire='casual'}","Food, Food Delivery Services, Pizza, Restaurants, Italian, Donuts, Burgers, Bagels","{sunday=0:0-0:0, saturday=0:0-0:0, tuesday=0:0-0:0, wednesday=0:0-0:0, thursday=0:0-0:0, friday=0:0-0:0, monday=0:0-0:0}"
"8eZygtUFMqOlv_Q7DbOcGw","Pasco-Hernando State College","10230 Ridge Rd","New Port Richey","FL","34654","28.275821","-82.646329","4.0","8","1",,"Colleges & Universities, Education",
"frhneFo2jXnXAHnwzz78Pw","Mccullers Roofing","12087 62nd St N, Unit 5","Largo","FL","33773","27.8815693","-82.7195821","3.0","8","1","{businessacceptscreditcards=True, byappointmentonly=True, businessacceptsbitcoin=False}","Home Services, Waterproofing, Roofing","{sunday=7:0-15:0, saturday=7:0-15:0, tuesday=7:0-15:0, wednesday=7:0-15:0, thursday=7:0-12:0, friday=7:0-15:0, monday=0:0-0:0}"
"xgp51ruur0nK3nmsKPMvzw","Spruce Goose Farm","194 Bordentown Georgetown Rd","Chesterfield","NJ","08515","40.093648","-74.666433","2.0","5","1",,"Tree Services, Gift Shops, Flowers & Gifts, Home Services, Home & Garden, Shopping, Nurseries & Gardening","{sunday=9:0-17:0, friday=9:0-17:0, saturday=9:0-17:0, monday=9:0-17:0}"
"De9cMgsboKhZ8mDl_GK_xQ","23 East","23 E Lancaster Ave","Ardmore","PA","19003","40.0075945","-75.2900017","2.5","24","0","{alcohol=u'full_bar', restaurantspricerange2=1, businessacceptscreditcards=True, ambience={'romantic': False, 'intimate': False, 'touristy': False, 'hipster': False, 'divey': False, 'classy': False, 'trendy': False, 'upscale': False, 'casual': False}, noiselevel=u'very_loud', businessparking={'garage': False, 'street': True, 'validated': False, 'lot': False, 'valet': False}, restaurantsgoodforgroups=True, outdoorseating=False}","Dive Bars, Nightlife, Bars, Music Venues, American (New), Adult Entertainment, Restaurants, Arts & Entertainment","{wednesday=22:0-2:0, thursday=21:0-2:0, friday=21:0-2:0, saturday=21:0-2:0}"
"XPkkWyAkkPeH-PqXmBMmpg","Santa Barbara Tours & Experiences","1500 Santa Barbara St","Santa Barbara","CA","93101","34.429487","-119.706043","5.0","5","1",,"Tours, Walking Tours, Hotels & Travel, Architectural Tours, Food Tours, Wine Tours","{sunday=13:45-18:0, friday=20:0-22:0, saturday=10:0-23:30}"
"K638hQel36ENK4rT0WroSg","Fitzgerald Used Car Outlet","23499 US Hwy 19N","Clearwater","FL","33765","27.986205","-82.7288109","4.0","18","1",,"Used Car Dealers, Auto Repair, Car Dealers, Automotive","{sunday=11:0-17:0, saturday=9:0-18:0, tuesday=9:0-20:0, wednesday=9:0-20:0, thursday=9:0-20:0, friday=9:0-20:0, monday=9:0-20:0}"
"6S7HIxBzSCJL0fkhiwR4AQ","Party N Dollar Plus Market","226 W Ridge Pike","Limerick","PA","19468","40.2247990363","-75.5142602632","1.5","7","1","{restaurantspricerange2=2, businessparking={'garage': False, 'street': False, 'validated': False, 'lot': True, 'valet': False}, businessacceptscreditcards=True, bikeparking=True}","Shopping, Party Supplies, Flowers & Gifts, Event Planning & Services, Cards & Stationery, Arts & Crafts, Discount Store","{sunday=10:0-14:0, saturday=9:0-16:0, tuesday=10:0-18:0, wednesday=10:0-18:0, thursday=10:0-18:0, friday=10:0-18:0}"
"avYv0mKWJc8Y0Jr-VLnCAA","Enterprise Rent-A-Car","109 E Fowler Ave","Tampa","FL","33612","28.0535599","-82.4566115","2.0","5","1",,"Car Rental, Hotels & Travel","{wednesday=7:30-18:0, thursday=7:30-18:0, friday=7:30-18:0, tuesday=7:30-18:0, monday=7:30-18:0}"
"SLFAsXSTiOSy4wEqlukKwg","Looks Unlimited Salon & Spa","3518 W Overland Rd","Boise","ID","83705","43.5901028","-116.2258523","4.0","10","1","{restaurantspricerange2=2, businessparking={'garage': False, 'street': False, 'validated': False, 'lot': False, 'valet': False}, byappointmentonly=True, bikeparking=True}","Hair Salons, Beauty & Spas",
"TD9MUTOXnXHZ07a7goOzww","Klein's Brand Source","10338 Lincoln Trl","Fairview Heights","IL","62208","38.5922085","-90.0002959","3.0","11","1","{restaurantspricerange2=3, businessparking={'garage': False, 'street': False, 'validated': False, 'lot': False, 'valet': False}, businessacceptscreditcards=True}","Mattresses, Local Services, Shopping, Home & Garden, Appliances, Appliances & Repair","{sunday=12:0-17:0, saturday=9:0-17:0, tuesday=9:0-20:0, wednesday=9:0-20:0, thursday=9:0-20:0, friday=9:0-20:0, monday=9:0-20:0}"
"MHCH84BAFfYXyY-NujHG7Q","Sonora at The David Finney Inn","222 Delaware St","New Castle","DE","19713","39.659802","-75.564486","4.0","9","0","{alcohol=u'full_bar', businessacceptscreditcards=True, bikeparking=True, restaurantsreservations=True, wifi=u'free', byob=False, businessparking={'garage': False, 'street': True, 'validated': False, 'lot': False, 'valet': False}, caters=True, restaurantstakeout=False, corkage=False, goodformeal={'dessert': False, 'latenight': False, 'lunch': False, 'dinner': False, 'brunch': False, 'breakfast': False}, restaurantstableservice=True, wheelchairaccessible=True, ambience={'touristy': False, 'hipster': False, 'romantic': False, 'divey': False, 'intimate': False, 'trendy': False, 'upscale': False, 'classy': True, 'casual': False}, happyhour=True, restaurantsdelivery=False, dogsallowed=True, hastv=True, outdoorseating=True}","Restaurants, Comfort Food, American (New)","{sunday=10:0-23:0, thursday=11:0-23:0, friday=11:0-23:0, saturday=10:0-23:0, monday=11:0-21:0}"
"b1rMP7_HZOCAkSF2Sh-S4w","Indy Dental Group - North Meridian","9310 N Meridian St, Ste 200","Indianapolis","IN","46260","39.9234042","-86.1600319","3.5","6","1","{acceptsinsurance=True, businessacceptscreditcards=True, byappointmentonly=True}","Health & Medical, Cosmetic Dentists, Medical Centers, General Dentistry, Oral Surgeons, Periodontists, Dentists","{wednesday=8:0-17:0, thursday=8:0-18:0, friday=8:0-12:0, tuesday=8:0-17:0, monday=8:0-17:0}"
"1N45EwoVppdvctUan6IFEg","Turnersville Transmission Center","4791 Rte 42","Turnersville","NJ","08012","39.7462977","-75.0454968877","3.0","19","1","{businessacceptscreditcards=True, byappointmentonly=False}","Automotive, Transmission Repair, Auto Parts & Supplies, Auto Repair, Tires, Oil Change Stations","{saturday=8:0-12:0, tuesday=8:0-17:0, wednesday=8:0-17:0, thursday=8:0-17:0, friday=8:0-17:0, monday=8:0-17:0}"
"jI2j4n1UgKL9gWZfNFq-SA","Picasso's Pizzeria & Restaurant","550 Bridgeton Pike","Mantua","NJ","08051","39.7797511289","-75.185142839","3.5","7","1","{alcohol=u'none', businessacceptscreditcards=True, restaurantsreservations=False, goodforkids=True, businessparking={'garage': False, 'street': False, 'validated': False, 'lot': False, 'valet': False}, restaurantsgoodforgroups=False, restaurantsattire=u'casual', restaurantstakeout=True, restaurantspricerange2=2, goodformeal={'dessert': False, 'latenight': False, 'lunch': False, 'dinner': False, 'breakfast': False, 'brunch': False}, restaurantstableservice=False, ambience={'romantic': False, 'intimate': False, 'touristy': False, 'hipster': False, 'divey': False, 'classy': False, 'trendy': False, 'upscale': False, 'casual': False}, restaurantsdelivery=True, noiselevel=u'average', hastv=True, outdoorseating=False}","Sandwiches, Pizza, Restaurants","{sunday=12:0-22:0, saturday=11:0-23:0, tuesday=11:0-22:0, wednesday=11:0-22:0, thursday=11:0-22:0, friday=11:0-23:0, monday=11:0-22:0}"
"F40eTD3J14SUJpyog5G2Ug","A-1 Express Airport Parking","5317 Avion Park Dr","Tampa","FL","33607","27.958796955","-82.5328738074","3.5","128","1","{businessacceptscreditcards=True}","Parking, Automotive","{sunday=0:0-0:0, saturday=0:0-0:0, tuesday=0:0-0:0, wednesday=0:0-0:0, thursday=0:0-0:0, friday=0:0-0:0, monday=0:0-0:0}"
"z65tiTFYszkAJ4NhLpkiBA","Adonis Theater","2026 Sansom St","Philadelphia","PA","19103","39.951228","-75.174488","2.0","7","1","{goodforkids=True}","Arts & Entertainment, Cinema, Performing Arts",
"b0L4T5t7uYzSvghTT6EVJQ","AAA Warrington","865 Easton Rd, Ste 100","Warrington","PA","18976","40.238823191","-75.1347864551","1.0","6","1","{businessacceptscreditcards=True}","Travel Services, Insurance, Auto Insurance, Hotels & Travel, Financial Services, Automotive, Auto Repair","{saturday=9:0-15:0, tuesday=9:0-17:30, wednesday=9:0-17:30, thursday=9:0-15:0, friday=9:0-15:0, monday=9:0-17:0}"
"LZszPUPczfQF9y_JdKlGKA","Barnes & Noble Booksellers","1701 Mallory Ln","Brentwood","TN","37027","35.966567","-86.814729","3.5","20","1","{restaurantspricerange2=2, businessparking={'garage': False, 'street': False, 'validated': False, 'lot': True, 'valet': False}, businessacceptscreditcards=True, bikeparking=False}","Newspapers & Magazines, Books, Mags, Music & Video, Bookstores, Shopping, Music & DVDs, Toy Stores","{sunday=10:0-21:0, saturday=9:0-22:0, tuesday=9:0-21:0, wednesday=9:0-21:0, thursday=9:0-21:0, friday=9:0-22:0, monday=9:0-21:0}"
"dsYY-h_c3Mzcn1bH253HaA","Total Turf Experience","614 Lambs Rd","Mantua","NJ","08071","39.7376712","-75.1448089","2.0","34","1","{businessparking={'garage': False, 'street': False, 'validated': False, 'lot': False, 'valet': False}, goodforkids=False, bikeparking=False}","Active Life, Sports Clubs","{sunday=9:0-23:0, saturday=9:0-23:0, tuesday=9:0-23:0, wednesday=9:0-23:0, thursday=9:0-23:0, friday=9:0-23:0, monday=9:0-23:0}"
"yb9sHpAnQ5bgdIRKFCEhQw","Accent Dermatology & Laser Center","622 Stokes Rd, Ste A","Medford","NJ","08055","39.8721121","-74.8123652","3.5","17","1",,"Doctors, Dermatologists, Beauty & Spas, Hair Removal, Health & Medical",
"VnVt8dvs-mPY4MSF5VqCeQ","Dollar General","2436 James L Redman Pkwy","Plant City","FL","33566","27.9878969","-82.1199953","3.5","5","1","{restaurantspricerange2=1, businessparking={'garage': False, 'street': False, 'validated': False, 'lot': False, 'valet': False}, businessacceptscreditcards=True}","Grocery, Food, Shopping, Discount Store",
"UQTo3UswVcDtIQwiqGKaVQ","Havertown Roofing & Siding","37 Kathmere Rd","Havertown","PA","19083","39.9802458","-75.3026106","4.0","24","1","{byappointmentonly=True}","Roofing, Home Services",
"BnwPx4GPOfxXZk2G-6oDwQ","China Wok","209 Green Ln","Philadelphia","PA","19127","40.0292874","-75.2234981","4.0","58","1","{alcohol=u'none', businessacceptscreditcards=False, wifi=u'no', restaurantsreservations=False, goodforkids=True, bikeparking=True, businessparking={u'valet': False, u'garage': False, u'street': None, u'lot': False, u'validated': False}, restaurantsgoodforgroups=False, restaurantsattire=u'casual', restaurantspricerange2=1, restaurantstakeout=True, goodformeal={'dessert': False, 'latenight': False, 'lunch': False, 'dinner': True, 'brunch': False, 'breakfast': False}, restaurantstableservice=False, ambience={'romantic': False, 'intimate': False, 'touristy': False, 'hipster': False, 'divey': False, 'classy': False, 'trendy': False, 'upscale': False, 'casual': False}, noiselevel=u'quiet', restaurantsdelivery=True, hastv=True, outdoorseating=False}","Chinese, Restaurants","{sunday=12:0-22:0, saturday=11:0-23:0, wednesday=11:0-22:0, thursday=11:0-22:0, friday=11:0-23:0, monday=11:0-22:0}"
"nHP_NYJxVzx2gT2bC2uRsg","Beauty Secrets African Braids","1533 N Post Rd","Indianapolis","IN","46219","39.7882258","-86.0084609","3.5","5","1","{businessacceptscreditcards=True, byappointmentonly=False, bikeparking=False}","Hair Salons, Beauty & Spas","{saturday=8:30-22:0, tuesday=9:0-21:0, wednesday=9:0-21:0, thursday=9:0-21:0, friday=9:0-21:0, monday=9:0-21:0}"
"8jwRqJCG98YQXPcw3QfA8w","Verizon Wireless","1700 Market St Bsmt 102","Philadelphia","PA","19103","39.9526775","-75.1690841","3.0","33","0","{restaurantspricerange2=2, businessparking={'garage': False, 'street': True, 'validated': False, 'lot': False, 'valet': False}, businessacceptscreditcards=True, byappointmentonly=False, bikeparking=False}","Internet Service Providers, Electronics, Mobile Phones, Shopping, Professional Services, Home Services","{saturday=10:0-18:0, tuesday=8:0-20:0, wednesday=8:0-20:0, thursday=8:0-20:0, friday=8:0-20:0, monday=8:0-20:0}"
"Zm3Cq5pv4BelBgrnSPEdzQ","Hungry Harvest","","Philadelphia","PA","19106","39.9493801","-75.145782","4.0","11","1","{restaurantstakeout=False, businessacceptscreditcards=True, wheelchairaccessible=False, restaurantsdelivery=True, businessacceptsbitcoin=False, caters=False}","Food, Food Delivery Services, CSA","{sunday=8:0-16:0, saturday=8:0-16:0, tuesday=9:0-17:0, wednesday=9:0-17:0, thursday=9:0-17:0, friday=9:0-17:0, monday=9:0-17:0}"
"yLEaHqu9rGeyIYnig9gF5Q","Urban Cantina","223 Howard Ave","Tampa","FL","33609","27.9419397","-82.4831011","3.5","21","0","{alcohol=u'beer_and_wine', businessacceptscreditcards=True, restaurantsreservations=True, goodforkids=True, businessparking={'garage': False, 'street': False, 'validated': False, 'lot': True, 'valet': False}, caters=False, restaurantsgoodforgroups=True, restaurantsattire=u'casual', restaurantspricerange2=1, restaurantstakeout=True, happyhour=True, ambience={'romantic': False, 'intimate': False, 'touristy': False, 'hipster': False, 'divey': False, 'classy': False, 'trendy': False, 'upscale': False, 'casual': True}, noiselevel=u'average', restaurantsdelivery=False, hastv=True, outdoorseating=False}","Mexican, Restaurants","{sunday=16:0-22:0, saturday=16:0-1:0, tuesday=16:0-23:0, wednesday=16:0-22:0, thursday=16:0-23:0, friday=16:0-1:0, monday=16:0-22:0}"
"5Apcp9iRdnIG__iXIEnILA","Lit Ultrabar","460 N 2nd St","Philadelphia","PA","19123","39.9589758","-75.1418219","2.0","64","0","{alcohol=u'full_bar', restaurantspricerange2=3, businessacceptscreditcards=True, bikeparking=False, ambience={'romantic': False, 'intimate': False, 'touristy': False, 'hipster': False, 'divey': False, 'classy': False, 'trendy': True, 'upscale': False, 'casual': False}, noiselevel=u'very_loud', businessparking={'garage': False, 'street': True, 'validated': False, 'lot': False, 'valet': False}, hastv=False, restaurantsgoodforgroups=True, outdoorseating=False}","Lounges, Nightlife, Bars, Dance Clubs","{thursday=22:0-3:30, friday=22:0-3:30, saturday=22:0-3:30, monday=22:0-3:30}"
"HEnfv8ugaUn4dcdHGpr8Sg","Saint Somewhere Brewing Company","1441 Savannah Ave, Unit E","Tarpon Springs","FL","34689","28.1644555","-82.7716965","5.0","8","0","{restaurantspricerange2=1, restaurantstakeout=True, businessparking={'garage': False, 'street': False, 'validated': False, 'lot': True, 'valet': False}, businessacceptscreditcards=True, bikeparking=True}","Breweries, Food","{thursday=18:0-20:0, friday=18:0-20:0}"
"kFjYgLn68IOEoq5c1r84vw","Mexico Lindo Tacos & Grill","2755 Broadmoor Blvd, Suite 100","Sherwood Park","AB","T8H 0A3","53.5611996639","-113.3187842447","4.0","58","1","{bikeparking=False, restaurantsreservations=True, wifi='free', goodforkids=True, businessparking={'garage': False, 'street': False, 'validated': False, 'lot': True, 'valet': False}, restaurantsgoodforgroups=True, restaurantsattire='casual', restaurantspricerange2=2, restaurantstakeout=True, goodformeal={'dessert': None, 'latenight': None, 'lunch': True, 'dinner': True, 'brunch': None, 'breakfast': None}, ambience={'touristy': None, 'hipster': None, 'romantic': None, 'intimate': None, 'trendy': None, 'upscale': False, 'classy': False, 'casual': True}, restaurantsdelivery=False, hastv=True, outdoorseating=None}","Mexican, Restaurants","{sunday=12:0-20:0, saturday=11:0-22:0, tuesday=11:0-21:0, wednesday=11:0-21:0, thursday=11:0-21:0, friday=11:0-22:0, monday=0:0-0:0}"
"kZNtf6Pw5sEohpQl_4a3AA","Subway","3 S Rancho Sahuarita Suite 104/RETAIL Pad, Ste 104, Retail Pad 3","Sahuarita","AZ","85629","31.9598611041","-110.9838243256","2.5","15","1","{alcohol=u'none', businessacceptscreditcards=True, goodforkids=True, restaurantsreservations=False, bikeparking=True, wifi='no', businessparking={'garage': False, 'street': False, 'validated': False, 'lot': False, 'valet': False}, caters=True, restaurantsgoodforgroups=True, restaurantsattire='casual', restaurantspricerange2=1, restaurantstakeout=True, ambience={'romantic': False, 'intimate': False, 'classy': False, 'hipster': False, 'divey': False, 'touristy': False, 'trendy': False, 'upscale': False, 'casual': False}, noiselevel='average', restaurantsdelivery=True, hastv=True, outdoorseating=False}","Fast Food, Sandwiches, Restaurants","{sunday=10:0-17:0, saturday=9:0-21:0, tuesday=7:30-21:30, wednesday=7:30-21:30, thursday=7:30-21:30, friday=7:30-21:30, monday=7:30-21:30}"
"_dOYHDmjoRxI2metByUEpg","Ooh La La Salon","3100 Boothwyn Rd","Boothwyn","PA","19061","39.8337064","-75.4428512","4.5","6","1","{businessacceptscreditcards=True, bikeparking=True, wheelchairaccessible=True, businessparking={'garage': False, 'street': False, 'validated': False, 'lot': True, 'valet': False}, businessacceptsbitcoin=False, hairspecializesin={'straightperms': True, 'coloring': True, 'extensions': True, 'africanamerican': False, 'curly': True, 'kids': False, 'perms': True, 'asian': False}}","Hair Removal, Waxing, Beauty & Spas, Hair Salons, Makeup Artists","{wednesday=8:0-20:0, thursday=8:0-20:0, friday=8:0-20:0, saturday=8:0-16:0, tuesday=8:0-20:0}"
"seI96tX2Wg2MxBF0XytgOA","Woodworkers Source","3441 S Palo Verde Rd","Tucson","AZ","85713","32.184854","-110.917238","4.0","20","1","{businessacceptscreditcards=True, byappointmentonly=False, businessacceptsbitcoin=False}","Shopping, Arts & Crafts, Hobby Shops, Building Supplies, Hardware Stores, Home & Garden, Home Services","{saturday=8:0-14:0, tuesday=8:0-17:0, wednesday=8:0-17:0, thursday=8:0-17:0, friday=8:0-14:0, monday=0:0-0:0}"
"y_7mItvwTJ2QkEP_rXlVbw","Earl's Bucks County","2400 Street Rd","New Hope","PA","18938","40.3475793","-75.0298105","3.0","55","0","{alcohol=u'full_bar', businessacceptscreditcards=True, restaurantsreservations=True, goodforkids=False, wifi=u'free', bikeparking=True, businessparking={'garage': False, 'street': False, 'validated': False, 'lot': True, 'valet': False}, caters=False, restaurantsgoodforgroups=True, restaurantsattire=u'casual', restaurantstakeout=True, restaurantspricerange2=3, restaurantsdelivery=False, noiselevel=u'average', hastv=True, businessacceptsbitcoin=False, outdoorseating=True}","Nightlife, Restaurants, Beer Bar, Bars, American (New), Wine Bars",
"iki934B308XiHDMA16egow","Kane's Furniture","6222 N Dale Mabry Hwy","Tampa","FL","33614","28.0053774","-82.5059737","2.0","64","1","{restaurantspricerange2=3, businessparking={'garage': False, 'street': False, 'validated': False, 'lot': False, 'valet': False}, businessacceptscreditcards=True, bikeparking=False, wheelchairaccessible=True}","Shopping, Mattresses, Furniture Stores, Home & Garden","{sunday=11:0-18:0, saturday=10:0-19:0, tuesday=10:0-19:0, wednesday=10:0-19:0, thursday=10:0-19:0, friday=10:0-19:0, monday=0:0-0:0}"
"8krt6sPp-btOAq4_I_DAdw","Dental Excellence of Blue Bell","706 Dekalb Pike","Blue Bell","PA","19422","40.1696988","-75.2858467706","3.5","10","1","{acceptsinsurance=True, businessacceptscreditcards=True}","Health & Medical, Endodontists, General Dentistry, Sleep Specialists, Cosmetic Dentists, Dentists","{wednesday=10:0-19:0, thursday=8:0-14:0, tuesday=8:0-17:0, monday=8:0-18:0}"
"t42f_IwVaIHr0wvj_8E_eQ","PNC Bank","6170 N Keystone Ave","Indianapolis","IN","46220","39.8671811","-86.1228129","2.0","8","1",,"Banks & Credit Unions, Financial Services, Mortgage Brokers, Home Services, Investing, Real Estate","{saturday=9:0-12:0, tuesday=9:0-17:0, wednesday=9:0-17:0, thursday=9:0-17:0, friday=9:0-17:0, monday=9:0-17:0}"
"lLigP3epurfPtLCls__XLw","Iberia Bank","2401 Canal St","New Orleans","LA","70119","29.9637058","-90.0839668","1.0","6","1",,"Financial Services, Banks & Credit Unions","{wednesday=9:0-16:0, thursday=9:0-16:0, friday=9:0-17:0, tuesday=9:0-16:0, monday=9:0-16:0}"
"6TZF6iIH1k0MLf486gBMHg","Astro Jewelery & Gifts","6158 Ridge Ave","Philadelphia","PA","19128","40.0346793","-75.216706","3.5","9","0","{businessacceptscreditcards=True, byappointmentonly=False, bikeparking=True}","Jewelry, Shopping","{saturday=10:0-16:0, tuesday=10:0-17:0, wednesday=10:0-17:0, thursday=10:0-17:0, friday=10:0-17:30, monday=10:0-17:0}"
"uIrUGZIoh3P3Ou_Bp3EvXA","Mr. Nice Guy","3359 N Hwy 67","Florissant","MO","63033","38.8118857628","-90.2939590439","3.5","5","1","{restaurantspricerange2=2, businessacceptscreditcards=True, bikeparking=True, wheelchairaccessible=True, businessparking={'garage': False, 'street': False, 'validated': False, 'lot': True, 'valet': False}, dogsallowed=True}","Vape Shops, Tobacco Shops, Shopping, Head Shops","{sunday=10:0-21:0, saturday=10:0-21:0, tuesday=10:0-21:0, wednesday=10:0-21:0, thursday=10:0-21:0, friday=10:0-21:0, monday=10:0-21:0}"
"vM2wY0rll14F8sZIvJGG5w","Traditional Szechuan Restaurant","4002 Spruce St","Philadelphia","PA","19104","39.951523","-75.2032843","4.0","14","0","{alcohol=u'full_bar', businessacceptscreditcards=True, wifi=u'free', restaurantsreservations=True, bikeparking=True, goodforkids=True, businessparking={'garage': False, 'street': True, 'validated': False, 'lot': False, 'valet': False}, caters=True, restaurantsgoodforgroups=True, restaurantsattire='casual', restaurantstakeout=True, restaurantspricerange2=2, goodformeal={'dessert': False, 'latenight': False, 'lunch': False, 'dinner': False, 'brunch': False, 'breakfast': False}, restaurantstableservice=True, wheelchairaccessible=False, ambience={'touristy': False, 'hipster': False, 'romantic': False, 'divey': False, 'intimate': False, 'trendy': True, 'upscale': False, 'classy': False, 'casual': False}, restaurantsdelivery=False, noiselevel='quiet', dogsallowed=False, hastv=True, outdoorseating=False}","Chinese, Nightlife, Szechuan, Restaurants, Bars, Karaoke","{sunday=11:0-22:0, saturday=11:0-23:0, tuesday=11:0-22:0, wednesday=11:0-22:0, thursday=11:0-22:0, friday=11:0-23:0, monday=11:0-22:0}"
"spLzjntw2Kp6vj8_gjEYfw","Meineke Car Care Center","12340 66th St N","Largo","FL","33773","27.8838996","-82.7301483","4.0","14","0","{businessacceptscreditcards=True, byappointmentonly=False}","Tires, Oil Change Stations, Automotive, Auto Repair","{saturday=7:30-16:0, tuesday=7:30-18:0, wednesday=7:30-18:0, thursday=7:30-18:0, friday=7:30-18:0, monday=0:0-0:0}"
"2V5ki_0pbSn2wF8m1tGBHA","Sport Seasons","56 White Bridge Rd","Nashville","TN","37205","36.1300178","-86.8518938","4.0","18","1","{restaurantspricerange2=2, businessparking={'garage': False, 'street': False, 'validated': False, 'lot': True, 'valet': False}, businessacceptscreditcards=True, bikeparking=True, wheelchairaccessible=True}","Sports Wear, Fashion, Sporting Goods, Shoe Stores, Shopping","{sunday=11:0-18:0, saturday=10:0-20:0, tuesday=10:0-20:0, wednesday=10:0-20:0, thursday=10:0-20:0, friday=10:0-20:0, monday=10:0-20:0}"
"oqP1oQEycpp4J6u5YebRoQ","American Social","601 S Harbour Island Blvd, Ste 107","Tampa","FL","33602","27.9387071894","-82.4547521292","3.5","768","1","{goodforkids=False, restaurantsreservations=True, byob=False, businessparking={'garage': True, 'street': False, 'validated': True, 'lot': False, 'valet': True}, goodfordancing=False, restaurantsgoodforgroups=True, restaurantsattire='casual', restaurantspricerange2=2, restaurantstakeout=None, music={u'dj': None, u'live': None, u'jukebox': False, u'video': False, u'background_music': False, u'karaoke': False, u'no_music': False}, wheelchairaccessible=True, restaurantstableservice=True, happyhour=True, smoking=u'outdoor', restaurantsdelivery=True, noiselevel=u'loud', dogsallowed=True, businessacceptsbitcoin=False, alcohol=u'full_bar', businessacceptscreditcards=True, bikeparking=True, wifi='free', coatcheck=False, caters=True, goodformeal={'dessert': None, 'latenight': True, 'lunch': True, 'dinner': True, 'brunch': True, 'breakfast': None}, ambience={'touristy': False, 'hipster': False, 'romantic': False, 'divey': False, 'intimate': False, 'trendy': True, 'upscale': True, 'classy': True, 'casual': True}, bestnights={'monday': False, 'tuesday': False, 'friday': True, 'wednesday': False, 'thursday': False, 'sunday': False, 'saturday': True}, hastv=True, outdoorseating=True}","American (Traditional), Restaurants, Venues & Event Spaces, Event Planning & Services, Breakfast & Brunch, Bars, Nightlife","{sunday=11:0-0:0, saturday=11:0-2:0, tuesday=11:30-0:0, wednesday=11:30-0:0, thursday=11:30-1:0, friday=11:30-2:0, monday=0:0-0:0}"
"3JwRFu53hgEisf_SRBPIew","Yogo Factory","300 Rowan Blvd","Glassboro","NJ","08028","39.7063246","-75.1139398","4.0","14","1","{restaurantspricerange2=2, restaurantstakeout=True, businessacceptscreditcards=True, bikeparking=True, wifi='free', wheelchairaccessible=True, businessparking={'garage': True, 'street': True, 'validated': False, 'lot': True, 'valet': False}, caters=False}","Food, Ice Cream & Frozen Yogurt, Desserts","{sunday=13:0-22:0, saturday=13:0-22:0, tuesday=13:0-22:0, wednesday=13:0-22:0, thursday=13:0-22:0, friday=13:0-22:0, monday=0:0-0:0}"
"vuDNFYME-E3DjLhoWcgRkg","Patel Boutique","200 White Horse Rd, Ste 14","Voorhees","NJ","08043","39.8416129","-74.996626","4.5","26","1","{restaurantspricerange2=2, businessacceptscreditcards=True, bikeparking=True, wheelchairaccessible=False, businessparking={'garage': False, 'street': False, 'validated': False, 'lot': True, 'valet': False}, byappointmentonly=True, dogsallowed=False, businessacceptsbitcoin=False}","Accessories, Shopping, Men's Clothing, Fashion, Women's Clothing","{saturday=12:0-19:0, tuesday=13:0-19:0, wednesday=13:0-19:0, thursday=13:0-19:0, friday=13:0-19:0, monday=13:0-19:0}"
"HfOLOAYMKNUer3eXXTLHew","Vanos Pizza & Italian Restaurant","1387 E Boot Rd","West Chester","PA","19380","39.9985455","-75.5667973","4.0","17","1","{alcohol=u'none', businessacceptscreditcards=True, wifi=u'no', goodforkids=True, restaurantsreservations=False, bikeparking=True, businessparking={'garage': False, 'street': False, 'validated': False, 'lot': False, 'valet': False}, caters=False, restaurantsgoodforgroups=True, restaurantsattire=u'casual', restaurantstakeout=True, restaurantspricerange2=2, goodformeal={'dessert': False, 'latenight': False, 'lunch': False, 'dinner': False, 'brunch': False, 'breakfast': False}, ambience={'romantic': False, 'intimate': False, 'classy': False, 'hipster': False, 'divey': False, 'touristy': False, 'trendy': False, 'upscale': False, 'casual': False}, noiselevel=u'quiet', hastv=True, outdoorseating=False}","Italian, Restaurants, Pizza","{sunday=16:0-21:0, saturday=10:30-22:30, tuesday=10:30-22:0, wednesday=10:30-22:0, thursday=10:30-22:0, friday=10:30-22:30, monday=10:30-22:0}"
"0jjYX2KC9VjXtxPn15SklA","Gadaleto's Seafood Markets","1193 Wilmington Pike","West Chester","PA","19382","39.921094","-75.5756792","4.0","20","1","{restaurantspricerange2=2, restaurantstakeout=True, businessacceptscreditcards=True, bikeparking=True, restaurantsdelivery=True, businessparking={'garage': False, 'street': False, 'validated': False, 'lot': False, 'valet': False}, byappointmentonly=False, caters=True}","Food, Specialty Food, Caterers, Event Planning & Services, Seafood Markets","{sunday=11:0-16:30, saturday=9:30-18:30, tuesday=9:30-18:30, wednesday=9:30-18:30, thursday=9:30-18:30, friday=9:30-18:30, monday=9:30-16:30}"
"iHTL6BPlaPK6xvOa5MIKaQ","Essentially Fries","5815 Hampton Ave","St Louis","MO","63109","38.5794703994","-90.2941099182","4.0","5","1","{ambience={'touristy': False, 'hipster': False, 'romantic': False, 'divey': False, 'intimate': False, 'trendy': False, 'upscale': False, 'classy': False, 'casual': False}}","American (Traditional), Restaurants, Food, American (New), Food Trucks",
"PDI0bgHkmGrY3SYeedQxjw","Kenny's Air Conditioning & Heating Services","4418 N Cortez Ave","Tampa","FL","33614","27.982003","-82.508537","5.0","15","1","{businessacceptscreditcards=True, byappointmentonly=True}","Home Services, Contractors, Heating & Air Conditioning/HVAC, Air Duct Cleaning, Local Services","{sunday=0:0-0:0, saturday=0:0-0:0, tuesday=0:0-0:0, wednesday=0:0-0:0, thursday=0:0-0:0, friday=0:0-0:0, monday=0:0-0:0}"
"6fvjCk1POkLyeVsm-UPqtw","Day and Night Towing","1594 S Myrtle Ave","Clearwater","FL","33756","27.939086","-82.7958614","5.0","5","1","{businessacceptscreditcards=True, byappointmentonly=True, wifi=u'no'}","Roadside Assistance, Automotive, Towing, Tires","{sunday=0:0-0:0, saturday=0:0-0:0, tuesday=0:0-0:0, wednesday=0:0-0:0, thursday=0:0-0:0, friday=0:0-0:0, monday=0:0-0:0}"
"Dv6RfXLYe1atjgz3Xf4GGw","HipCityVeg","127 S 18th St","Philadelphia","PA","19103","39.950774","-75.170397","4.0","1082","1","{alcohol=u'none', businessacceptscreditcards=True, goodforkids=True, wifi=u'no', bikeparking=True, restaurantsreservations=False, businessparking={'garage': False, 'street': True, 'validated': False, 'lot': False, 'valet': False}, caters=True, restaurantsgoodforgroups=False, restaurantsattire=u'casual', restaurantstakeout=True, restaurantspricerange2=2, goodformeal={'dessert': False, 'latenight': False, 'lunch': True, 'dinner': None, 'brunch': False, 'breakfast': False}, restaurantstableservice=False, happyhour=False, ambience={'touristy': False, 'hipster': False, 'romantic': False, 'divey': False, 'intimate': False, 'trendy': False, 'upscale': False, 'classy': True, 'casual': True}, noiselevel=u'average', restaurantsdelivery=True, dogsallowed=False, hastv=True, outdoorseating=True}","Burgers, Vegetarian, Restaurants, Vegan","{sunday=10:0-21:0, saturday=10:0-21:0, tuesday=10:0-21:0, wednesday=10:0-21:0, thursday=10:0-21:0, friday=10:0-21:0, monday=10:0-21:0}"
"ceSjm0nHamTmAd1tWcuDhw","Bread & Butter Philly - Breakfast Junction","1517 E Wadsworth Ave","Philadelphia","PA","19150","40.0797906","-75.1736235982","4.5","22","1","{alcohol=u'none', businessacceptscreditcards=True, restaurantsreservations=True, wifi=u'no', goodforkids=True, businessparking={'garage': False, 'street': True, 'validated': False, 'lot': False, 'valet': False}, restaurantsgoodforgroups=True, restaurantsattire='casual', restaurantspricerange2=1, restaurantstakeout=True, restaurantstableservice=True, wheelchairaccessible=True, ambience={'touristy': False, 'hipster': False, 'romantic': False, 'divey': False, 'intimate': False, 'trendy': False, 'upscale': False, 'classy': False, 'casual': False}, happyhour=True, noiselevel='average', restaurantsdelivery=None, dogsallowed=False, hastv=True, outdoorseating=False}","Food, American (Traditional), Breakfast & Brunch, Juice Bars & Smoothies, Restaurants","{sunday=7:0-15:0, saturday=6:0-15:0, tuesday=6:0-15:0, wednesday=6:0-15:0, thursday=6:0-15:0, friday=6:0-15:0, monday=6:0-15:0}"
"u87CeGYMCajDUlFvvjmttg","Yia Yia's Greek Express","35220 US Hwy 19 N","Palm Harbor","FL","34683","28.0923627","-82.7404529","4.0","41","0","{alcohol=u'beer_and_wine', businessacceptscreditcards=True, wifi=u'free', restaurantsreservations=True, bikeparking=True, goodforkids=True, businessparking={'garage': False, 'street': False, 'validated': False, 'lot': False, 'valet': False}, caters=True, restaurantsgoodforgroups=True, restaurantsattire='casual', restaurantspricerange2=1, restaurantstakeout=True, goodformeal={'dessert': False, 'latenight': False, 'lunch': True, 'dinner': True, 'brunch': False, 'breakfast': False}, wheelchairaccessible=True, restaurantstableservice=True, ambience={'touristy': False, 'hipster': False, 'romantic': False, 'divey': False, 'intimate': False, 'trendy': False, 'upscale': False, 'classy': False, 'casual': True}, restaurantsdelivery=True, noiselevel=u'average', businessacceptsbitcoin=False, hastv=True, outdoorseating=False}","Restaurants, Greek, Mediterranean, American (New)","{sunday=11:0-21:0, saturday=11:0-21:0, tuesday=11:0-21:0, wednesday=11:0-21:0, thursday=11:0-21:0, friday=11:0-21:0, monday=0:0-0:0}"
"jbLXxax0qUbhyEz-fFYx3Q","The North Face","11 W County Center Dr","Des Peres","MO","63131","38.602144","-90.447499","2.5","5","0","{restaurantspricerange2=4, businessacceptscreditcards=True, bikeparking=False}","Fashion, Outdoor Gear, Sports Wear, Sporting Goods, Shoe Stores, Shopping","{sunday=11:0-18:0, wednesday=10:0-21:0, tuesday=10:0-21:0, monday=0:0-0:0}"
"LSU6eV7C03UOGBx6ho300w","Brows by Karen","3521 Florida Ave, Suit A3","Kenner","LA","70065","30.020958","-90.2406464","5.0","5","1","{businessparking={'garage': False, 'street': False, 'validated': False, 'lot': False, 'valet': False}, businessacceptscreditcards=True, byappointmentonly=True, bikeparking=False, wheelchairaccessible=False}","Beauty & Spas, Hair Removal, Permanent Makeup, Threading Services, Skin Care, Eyebrow Services","{sunday=12:0-15:0, saturday=10:0-18:0, tuesday=10:0-15:0, wednesday=10:0-15:0, thursday=10:0-15:0, friday=10:0-15:0, monday=18:30-21:0}"
"nH8ls1wSvCN40lGC8eDpVA","West Glen","1207 Rushmore Blvd E","Indianapolis","IN","46234","39.7831469","-86.3237317","2.5","5","1",,"Real Estate, Home Services, Mobile Home Parks","{saturday=9:0-13:0, tuesday=10:0-19:0, wednesday=8:0-17:0, thursday=8:0-17:0, friday=8:0-17:0, monday=8:0-17:0}"
"WuDO-f4PRFkkC70im-F32g","Breakthru Physical Therapy & Fitness - Medford","200 Tuckerton Rd, Village of Taunton Forge","Medford","NJ","08055","39.8697397806","-74.848233172","5.0","6","1","{businessparking={'garage': False, 'street': False, 'validated': False, 'lot': False, 'valet': False}, businessacceptscreditcards=True, byappointmentonly=True, goodforkids=True}","Massage, Health & Medical, Fitness & Instruction, Physical Therapy, Active Life, Gyms, Beauty & Spas, Yoga","{sunday=8:0-12:0, saturday=8:0-12:0, tuesday=7:0-20:0, wednesday=7:0-20:0, thursday=7:0-20:0, friday=7:0-19:0, monday=7:0-20:0}"
"UWJ1rQvPCRQ-sE5WCq1L2A","America's Best Contacts & Eyeglasses","25605 Sierra Center Blvd","Lutz","FL","33559","28.196335","-82.394087","4.5","7","1",,"Optometrists, Health & Medical, Eyewear & Opticians, Shopping, Ophthalmologists, Doctors","{saturday=9:0-18:0, tuesday=9:0-18:0, wednesday=9:0-15:0, thursday=9:0-19:0, friday=9:0-19:0, monday=0:0-0:0}"
"h4wp2X_5lVvu-E7KL3MeIQ","Property Management Pros","815 N Main St, Ste A","Meridian","ID","83642","43.6114392","-116.3918429","1.0","10","1",,"Property Management, Real Estate, Home Services",
"LpRrXL-ZsLoj-L89IGHW5g","Salon Fusion","1118 Lemay Ferry Rd","Saint Louis","MO","63125","38.53308","-90.286677","5.0","5","0","{restaurantspricerange2=1, businessparking={'garage': False, 'street': False, 'validated': False, 'lot': True, 'valet': False}, businessacceptscreditcards=True, byappointmentonly=False}","Hair Salons, Beauty & Spas",
"edFDP6O_R4n9BUXDMFqApw","Jake's Wayback Burgers","2095 Philadelphia Pike","Claymont","DE","19703","39.7897233","-75.4739289","3.0","16","0","{alcohol=u'none', businessacceptscreditcards=True, restaurantsreservations=False, goodforkids=True, bikeparking=True, wifi='no', businessparking={'garage': False, 'street': False, 'validated': False, 'lot': False, 'valet': False}, caters=False, restaurantsgoodforgroups=True, restaurantsattire=u'casual', restaurantspricerange2=1, restaurantstakeout=True, ambience={'romantic': False, 'intimate': False, 'touristy': False, 'hipster': False, 'divey': False, 'classy': False, 'trendy': False, 'upscale': False, 'casual': False}, restaurantsdelivery=False, noiselevel=u'average', hastv=False, outdoorseating=False}","Restaurants, Burgers","{sunday=10:30-21:0, saturday=10:30-21:0, tuesday=10:30-21:0, wednesday=10:30-21:0, thursday=10:30-21:0, friday=10:30-21:0, monday=10:30-21:0}"
"rOzkjo7VeRtY-S-Ttjhcpg","Subway","50 N Sierra St, Ste 1A","Reno","NV","89501","39.5253654","-119.8135566","1.5","18","0","{alcohol=u'none', businessacceptscreditcards=True, wifi='no', goodforkids=True, restaurantsreservations=False, bikeparking=True, businessparking=None, caters=False, restaurantsgoodforgroups=False, restaurantsattire='casual', restaurantspricerange2=1, restaurantstakeout=True, ambience={'romantic': False, 'intimate': False, 'classy': False, 'hipster': False, 'divey': False, 'touristy': False, 'trendy': False, 'upscale': False, 'casual': True}, restaurantsdelivery=False, noiselevel='average', hastv=False, outdoorseating=False}","Fast Food, Sandwiches, Restaurants","{sunday=9:0-21:0, saturday=7:0-22:0, tuesday=7:0-21:0, wednesday=7:0-21:0, thursday=7:0-21:0, friday=7:0-22:0, monday=7:0-21:0}"
"PECaM0i2xAvi7CmE9Wj5VQ","Tokyo Steak House","61 Nationalway Shopping Ctr","Manchester","MO","63011","38.591952","-90.5136322275","3.0","18","0","{alcohol=u'full_bar', businessacceptscreditcards=True, restaurantsreservations=True, goodforkids=True, bikeparking=False, wifi=u'no', businessparking={'garage': False, 'street': False, 'validated': False, 'lot': True, 'valet': False}, caters=False, restaurantsgoodforgroups=True, restaurantsattire=u'casual', restaurantspricerange2=2, restaurantstakeout=False, ambience={'romantic': False, 'intimate': False, 'classy': False, 'hipster': False, 'divey': False, 'touristy': False, 'trendy': False, 'upscale': False, 'casual': True}, restaurantsdelivery=False, noiselevel=u'average', hastv=True, outdoorseating=False}","Japanese, Restaurants","{sunday=17:0-21:0, wednesday=17:0-21:0, thursday=17:0-21:0, friday=17:0-21:30, saturday=17:0-21:30}"
"0bk28CEAtr-sQw-uq9umQg","The Local","Souderton Train Station, 2 W Broad St","Souderton","PA","18964","40.3090063","-75.3204885","3.5","83","0","{alcohol=u'none', businessacceptscreditcards=True, restaurantsreservations=True, bikeparking=True, wifi=u'free', goodforkids=True, businessparking={'garage': False, 'street': False, 'validated': False, 'lot': True, 'valet': False}, caters=True, restaurantsgoodforgroups=True, restaurantsattire='casual', restaurantspricerange2=2, restaurantstakeout=True, corkage=False, ambience={'romantic': False, 'intimate': False, 'touristy': False, 'hipster': False, 'divey': False, 'classy': False, 'trendy': False, 'upscale': False, 'casual': True}, noiselevel=u'average', restaurantsdelivery=False, hastv=False, byobcorkage='yes_free', outdoorseating=True}","American (Traditional), Food, Breakfast & Brunch, Restaurants","{sunday=7:0-20:0, saturday=7:0-22:0, tuesday=7:0-14:0, wednesday=7:0-14:0, thursday=7:0-20:0, friday=7:0-22:0, monday=7:0-14:0}"
"KeBXqlLaQBdQTT5AnVftcg","Ruggiero's Guitar Workshop","2114 Stackhouse Dr","YARDLEY","PA","19067","40.2286188","-74.817882","4.5","20","1","{restaurantspricerange2=2, businessacceptscreditcards=True, bikeparking=True, businessparking={'garage': False, 'street': True, 'validated': False, 'lot': False, 'valet': False}, byappointmentonly=True, businessacceptsbitcoin=False}","Professional Services, Musical Instrument Services, Musical Instruments & Teachers, Local Services, Shopping","{wednesday=10:0-18:0, thursday=10:0-18:0, friday=10:0-18:0, saturday=10:0-14:0, tuesday=10:0-18:0}"
"ZDX05cz4vVxLL4zzDcig_w","Tesla Supercharger - Santa Barbara","3943 State St","Santa Barbara","CA","93105","34.4400281974","-119.7535870572","4.5","5","1",,"Automotive, EV Charging Stations",
"ApzXqqb6ESYvn0EoKUIlrA","Gravel Pike Inn","595 Gravel Pike","Collegeville","PA","19426","40.2247095","-75.4534536","3.5","21","1","{alcohol=u'full_bar', businessacceptscreditcards=True, goodforkids=False, restaurantsreservations=True, wifi=u'free', bikeparking=True, businessparking={'garage': False, 'street': False, 'validated': False, 'lot': False, 'valet': False}, goodfordancing=False, caters=True, restaurantsgoodforgroups=True, restaurantsattire=u'casual', restaurantstakeout=True, restaurantspricerange2=1, music={'dj': False, 'background_music': False, 'no_music': False, 'jukebox': False, 'live': False, 'video': False, 'karaoke': False}, ambience={'touristy': False, 'hipster': False, 'romantic': False, 'divey': False, 'intimate': False, 'trendy': False, 'upscale': False, 'classy': False, 'casual': False}, noiselevel=u'average', restaurantsdelivery=True, hastv=True, outdoorseating=True}","Nightlife, Dive Bars, Cocktail Bars, American (Traditional), Restaurants, Beer Bar, Bars, Burgers","{sunday=11:30-2:0, saturday=11:30-2:0, tuesday=12:0-2:0, wednesday=12:0-2:0, thursday=12:0-2:0, friday=12:0-2:0, monday=12:0-2:0}"
"YuhQIv_c08zqfExfSiWB6g","Tampa Tap Room","13150 N Dale Mabry Hwy","Tampa","FL","33618","28.0659398082","-82.5065359846","3.5","108","1","{alcohol=u'full_bar', businessacceptscreditcards=True, restaurantsreservations=False, wifi=u'free', bikeparking=True, goodforkids=True, businessparking={'garage': False, 'street': False, 'validated': False, 'lot': True, 'valet': False}, goodfordancing=False, caters=True, restaurantsgoodforgroups=True, restaurantsattire=u'casual', restaurantspricerange2=2, restaurantstakeout=True, music={'dj': False, 'background_music': False, 'no_music': False, 'jukebox': True, 'live': None, 'video': False, 'karaoke': False}, goodformeal={'dessert': False, 'latenight': True, 'lunch': True, 'dinner': True, 'brunch': False, 'breakfast': False}, ambience={'touristy': False, 'hipster': False, 'romantic': False, 'divey': None, 'intimate': False, 'trendy': False, 'upscale': False, 'classy': False, 'casual': True}, noiselevel=u'average', restaurantsdelivery=False, hastv=True, bestnights={'monday': True, 'tuesday': True, 'friday': True, 'wednesday': False, 'thursday': False, 'sunday': False, 'saturday': False}, businessacceptsbitcoin=False, outdoorseating=True}","Beer, Wine & Spirits, Nightlife, Sports Bars, American (New), Bars, Cajun/Creole, Restaurants, Food","{sunday=12:0-3:0, saturday=12:0-3:0, tuesday=15:0-3:0, wednesday=15:0-3:0, thursday=15:0-3:0, friday=15:0-3:0, monday=15:0-3:0}"
"Nv85-fS7roTMrgFE19gtEQ","PC-Com","10534 E US Hwy 36","Avon","IN","46123","39.7639661","-86.3355952","4.5","10","1","{businessacceptscreditcards=True, businessacceptsbitcoin=False}","Local Services, IT Services & Computer Repair","{wednesday=10:0-17:0, thursday=10:0-17:0, friday=10:0-17:0, tuesday=10:0-17:0, monday=0:0-0:0}"
"V4Y-ZY41wGskdFJhxUWIEQ","Nolasips","2111 Caton St","New Orleans","LA","70122","29.9990368","-90.0613752","3.5","7","1","{restaurantstakeout=True, businessparking={'garage': False, 'street': False, 'validated': False, 'lot': False, 'valet': False}, businessacceptscreditcards=True, wheelchairaccessible=True}","Shaved Ice, Food","{sunday=13:0-18:0, saturday=10:0-19:0, tuesday=11:0-19:0, wednesday=11:0-19:0, thursday=11:0-19:0, friday=11:0-19:0, monday=11:0-19:0}"
"9ffHiw7isVDCfXXWvTn2tg","DreamGig Printing Innovations","408 N Main St","Meridian","ID","83642","43.6071060387","-116.3914514722","3.5","6","1","{businessacceptscreditcards=True, businessacceptsbitcoin=True}","Arts & Crafts, Screen Printing/T-Shirt Printing, Professional Services, Mass Media, Printing Services, Signmaking, Web Design, Shopping, Embroidery & Crochet, Advertising, Graphic Design, Local Services, Print Media","{monday=0:0-0:0}"
"9Ml8SU1yTK5DNdd3gcWyog","Concentra Medical Center","7119 E Broadway Blvd","Tucson","AZ","85710","32.222681","-110.8404372","2.5","14","1","{acceptsinsurance=True, businessacceptscreditcards=True, byappointmentonly=False}","Walk-in Clinics, Health & Medical, Medical Centers, Physical Therapy, Urgent Care","{wednesday=8:0-17:0, thursday=8:0-17:0, friday=8:0-17:0, tuesday=8:0-17:0, monday=8:0-17:0}"
"u96rx9NzA_AEU7h7aShWGA","Exton Fit Body Boot Camp","35 E Uwchlan Ave, Ste 332","Exton","PA","19341","40.0585702","-75.6561751","2.5","6","1",,"Gyms, Trainers, Fitness & Instruction, Boot Camps, Active Life",
"l4IeGBHXV2E8S8COd9rx9A","Rusty Bellies","937 Dodecanese Blvd","Tarpon Springs","FL","34689","28.155071","-82.764421","4.5","1421","1","{goodforkids=True, restaurantsreservations=False, byob=False, businessparking={'garage': False, 'street': False, 'validated': False, 'lot': True, 'valet': False}, goodfordancing=False, restaurantsgoodforgroups=True, restaurantsattire=u'casual', restaurantspricerange2=2, restaurantstakeout=True, music={u'dj': None, u'live': False, u'jukebox': None, u'video': False, u'background_music': False, u'karaoke': None, u'no_music': False}, wheelchairaccessible=True, restaurantstableservice=True, happyhour=True, restaurantsdelivery=False, noiselevel='average', smoking=u'no', dogsallowed=False, businessacceptsbitcoin=False, alcohol=u'full_bar', businessacceptscreditcards=True, bikeparking=True, wifi=u'free', coatcheck=False, caters=False, goodformeal={'dessert': None, 'latenight': None, 'lunch': None, 'dinner': True, 'brunch': None, 'breakfast': None}, ambience={u'divey': False, u'hipster': False, u'casual': True, u'touristy': True, u'trendy': None, u'intimate': False, u'romantic': False, u'classy': None, u'upscale': False}, hastv=True, bestnights={'monday': False, 'tuesday': False, 'friday': True, 'wednesday': False, 'thursday': True, 'sunday': False, 'saturday': True}, outdoorseating=True}","Nightlife, Seafood, Bars, Restaurants, Tiki Bars, American (Traditional)","{sunday=11:0-21:0, saturday=11:0-22:0, tuesday=11:0-21:0, wednesday=11:0-21:0, thursday=11:0-21:0, friday=11:0-22:0, monday=0:0-0:0}"
"CRLYWkWbf9C2aVdxHxDQ5Q","Saltwater Beach Services","6340 Gulf Blvd","St. Pete Beach","FL","33706","27.7345906","-82.7464235","2.5","5","0",,"Paddleboarding, Active Life, Surfing, Kiteboarding","{sunday=12:0-16:0, saturday=11:0-17:0, tuesday=11:0-17:0, wednesday=11:0-17:0, thursday=11:0-17:0, friday=11:0-17:0, monday=11:0-17:0}"
"5PIyghVaBG1977IuyA0isw","Graniterra","1551 S Kingshighway Blvd","Saint Louis","MO","63110","38.6208027","-90.2673319","4.0","8","1","{businessacceptscreditcards=True, byappointmentonly=False}","Masonry/Concrete, Home Services, Shopping, Contractors, Countertop Installation, Home & Garden, Kitchen & Bath, Interior Design","{saturday=9:0-16:0, tuesday=8:0-17:30, wednesday=8:0-17:30, thursday=8:0-17:30, friday=8:0-17:30, monday=8:0-17:30}"
"metaR68vroFUmq5cwA1_VQ","Celebrity Worldwide Chauffeured Transportation","2521 Yellow Springs Rd","Malvern","PA","19355","40.073322","-75.525683","5.0","9","1",,"Transportation, Limos, Hotels & Travel","{sunday=0:0-0:0, saturday=0:0-0:0, tuesday=0:0-0:0, wednesday=0:0-0:0, thursday=0:0-0:0, friday=0:0-0:0, monday=0:0-0:0}"
"OeE7CgEfECz0onTTF07xvw","Ritz Five","214 Walnut St","Philadelphia","PA","19176","39.9468170875","-75.1455080509","4.0","131","1","{goodforkids=True, dogsallowed=False}","Cinema, Arts & Entertainment",
"IemlW8FqeNNmsqZr6vuRhg","Hunnee B'z Perfume Oils Bath & Body","2940 Murfreesboro Pike, Ste 111","Antioch","TN","37013","36.06285","-86.625372","4.0","14","1","{restaurantspricerange2=1, businessparking={'garage': False, 'street': False, 'validated': False, 'lot': True, 'valet': False}, businessacceptscreditcards=True, byappointmentonly=False, bikeparking=True}","Cosmetics & Beauty Supply, Beauty & Spas, Shopping","{saturday=10:0-17:0, tuesday=10:0-17:0, wednesday=10:0-17:0, thursday=10:0-17:0, friday=10:0-17:0, monday=10:0-17:0}"
"5SyVDpP03FB5TBdUJeAokQ","St Louis County Library - Weber Road","4444 Weber Rd","Saint Louis","MO","63123","38.550952","-90.298014","4.0","5","1","{wifi='free'}","Libraries, Public Services & Government","{saturday=9:0-17:0, tuesday=9:0-21:0, wednesday=9:0-21:0, thursday=9:0-21:0, friday=9:0-17:0, monday=9:0-21:0}"
"jb8eYxZzvZoK3kK3mgJuIA","Vgp Produce","7925 38th Ave N, Ste 5","Saint Petersburg","FL","33710","27.80677","-82.748523","4.5","23","1","{restaurantspricerange2=1, restaurantstakeout=True, businessparking={'garage': False, 'street': False, 'validated': False, 'lot': True, 'valet': False}, businessacceptscreditcards=True, bikeparking=True}","Food, Specialty Food, Fruits & Veggies","{sunday=7:30-18:0, saturday=7:30-18:0, tuesday=7:30-18:0, wednesday=7:30-18:0, thursday=7:30-18:0, friday=7:30-18:0, monday=7:30-18:0}"
"f_2RHHJCl4fHnE-7ng8wmw","Newtown Hardware House","108 S State St","Newtown","PA","18940","40.2276046","-74.9371577","4.5","12","1","{restaurantspricerange2=2, businessacceptscreditcards=True, bikeparking=True, businessparking={'garage': False, 'street': True, 'validated': False, 'lot': True, 'valet': False}, byappointmentonly=False, businessacceptsbitcoin=False}","Home & Garden, Plumbing, Shopping, Local Services, Home Services, Hardware Stores, Electronics Repair","{sunday=9:0-15:0, saturday=9:0-17:0, tuesday=8:0-17:0, wednesday=8:0-17:0, thursday=8:0-17:0, friday=8:0-17:0, monday=9:0-15:0}"
"jthFlNFReZpGpojvab3zvQ","Jc Penney Home Store","4861 N Stone Ave","Tucson","AZ","85704","32.2946717","-110.9724475","3.0","8","0","{restaurantspricerange2=2, businessparking={'garage': False, 'street': False, 'validated': False, 'lot': True, 'valet': False}, businessacceptscreditcards=True, bikeparking=True, wheelchairaccessible=True}","Home & Garden, Furniture Stores, Department Stores, Fashion, Shopping",
"8sZfNFwjXznf51RrT3kjpQ","America's Best Contacts & Eyeglasses","10950 New Halls Ferry Rd","St Louis","MO","63136","38.769811","-90.26372","3.5","7","1","{restaurantspricerange2=3, businessparking={'garage': False, 'street': False, 'validated': False, 'lot': False, 'valet': False}, businessacceptscreditcards=True, byappointmentonly=False}","Shopping, Optometrists, Health & Medical, Ophthalmologists, Doctors, Eyewear & Opticians","{saturday=9:0-18:0, tuesday=9:0-18:0, wednesday=9:0-15:0, thursday=9:0-19:0, friday=9:0-19:0, monday=0:0-0:0}"
"Tn_xr7L1NC1-o9MsxV0Ysw","River Parish Disposal","7201 Airline Dr","Metairie","LA","70003","29.9783539","-90.2142462","5.0","7","1","{businessacceptscreditcards=True}","Local Services, Junk Removal & Hauling",
"I1cabgmLp60mhm7UTY-vig","BoltBus","3101 John F Kennedy Blvd","Philadelphia","PA","19104","39.956407","-75.185266","2.0","7","1",,"Transportation, Buses, Hotels & Travel","{sunday=6:0-22:0, monday=6:0-22:0}"
"LQ06L5Sp-aSVG61T_A0wbA","Mikes Pizza & Sub Shop","2902 N Rte 130","Delran","NJ","08075","40.0081495794","-74.9685392021","3.5","21","1","{alcohol=u'none', businessacceptscreditcards=True, restaurantsreservations=False, goodforkids=True, bikeparking=True, wifi=u'free', businessparking={'garage': False, 'street': False, 'validated': False, 'lot': False, 'valet': False}, caters=True, restaurantsgoodforgroups=True, restaurantsattire=u'casual', restaurantspricerange2=1, restaurantstakeout=False, wheelchairaccessible=True, ambience={'touristy': False, 'hipster': False, 'romantic': None, 'divey': False, 'intimate': False, 'trendy': False, 'upscale': None, 'classy': False, 'casual': True}, restaurantsdelivery=True, noiselevel=u'average', hastv=True, outdoorseating=False}","Cheesesteaks, Sandwiches, Restaurants, Pizza","{sunday=12:0-21:0, saturday=10:30-19:0, tuesday=11:0-22:0, wednesday=11:0-22:0, thursday=11:0-22:0, friday=11:0-23:0, monday=11:0-21:0}"
"knuD5Zz6SqeEmzlWLtLyRA","John's Doggie Shop","525 Conchester Hwy","Marcus Hook","PA","19061","39.849621","-75.441451","4.0","13","0","{alcohol=u'none', businessacceptscreditcards=False, bikeparking=True, restaurantsreservations=False, goodforkids=True, wifi=u'no', businessparking={'garage': False, 'street': False, 'validated': False, 'lot': True, 'valet': False}, caters=False, restaurantsgoodforgroups=True, restaurantsattire=u'casual', restaurantspricerange2=1, restaurantstakeout=True, drivethru=False, goodformeal={'dessert': False, 'latenight': False, 'lunch': True, 'dinner': False, 'brunch': True, 'breakfast': True}, restaurantstableservice=True, ambience={'touristy': False, 'hipster': False, 'romantic': False, 'divey': True, 'intimate': False, 'trendy': False, 'upscale': False, 'classy': False, 'casual': False}, restaurantsdelivery=False, noiselevel=u'average', hastv=False, outdoorseating=False}","Hot Dogs, Breakfast & Brunch, Restaurants, Burgers","{saturday=6:30-15:0, tuesday=7:30-15:0, wednesday=7:30-15:0, thursday=7:30-15:0, friday=7:30-15:0, monday=0:0-0:0}"
"K5WTakHfyimdWZ87QJJPUg","Earl of Sandwich","","Bensalem","PA","19020","40.120781579","-74.9520568785","3.0","6","0","{alcohol='none', businessacceptscreditcards=True, restaurantsreservations=False, goodforkids=True, bikeparking=False, businessparking={'garage': False, 'street': False, 'validated': False, 'lot': False, 'valet': False}, restaurantsgoodforgroups=True, restaurantsattire='casual', restaurantspricerange2=2, restaurantstakeout=True, goodformeal={'dessert': False, 'latenight': False, 'lunch': False, 'dinner': False, 'brunch': False, 'breakfast': False}, ambience={'touristy': False, 'hipster': False, 'romantic': False, 'divey': False, 'intimate': False, 'trendy': False, 'upscale': False, 'classy': False, 'casual': False}, restaurantsdelivery=False, hastv=False, outdoorseating=False}","Sandwiches, Food Court, Coffee & Tea, Food, Desserts, Restaurants","{sunday=11:0-21:0, saturday=11:0-23:0, tuesday=11:0-21:0, wednesday=11:0-21:0, thursday=11:0-21:0, friday=11:0-23:0, monday=11:0-21:0}"
"fN0pyT68TLana2UpSYFjhQ","Snap Fitness","2320 Haverford Rd","Ardmore","PA","19003","39.992881","-75.2972572","2.5","12","1","{businessacceptscreditcards=True, wifi=u'free', bikeparking=True, wheelchairaccessible=True, acceptsinsurance=True, businessparking={u'valet': False, u'garage': False, u'street': False, u'lot': True, u'validated': False}, byappointmentonly=False}","Fitness & Instruction, Gyms, Active Life, Trainers, Weight Loss Centers, Boot Camps, Health & Medical, Cardio Classes","{sunday=5:0-21:0, saturday=5:0-21:0, tuesday=5:0-21:0, wednesday=5:0-21:0, thursday=5:0-21:0, friday=5:0-21:0, monday=0:0-0:0}"
"MFQGU55s712P18kplpujIg","Bolay","1330 4th St N","St Petersburg","FL","33701","27.7858539","-82.6387642","4.5","25","1","{restaurantstakeout=True, goodformeal={u'breakfast': None, u'brunch': None, u'lunch': None, u'dinner': True, u'latenight': None, u'dessert': None}, restaurantsdelivery=True, outdoorseating=True}","Restaurants, American (New)","{sunday=11:0-20:30, saturday=11:0-20:30, tuesday=11:0-20:30, wednesday=11:0-20:30, thursday=11:0-20:30, friday=11:0-20:30, monday=11:0-20:30}"
"n5J1OHQPQvFF4mMrw1_UgQ","The Boulevard Apartments","2098 Seminole Blvd","Largo","FL","33778","27.897392","-82.789238","1.0","8","0","{businessacceptscreditcards=False, byappointmentonly=False}","Apartments, Home Services, Real Estate","{sunday=10:0-14:0, saturday=10:0-17:0, tuesday=9:0-18:0, wednesday=9:0-18:0, thursday=9:0-18:0, friday=9:0-18:0, monday=9:0-18:0}"
"Qp9NkLYmzPQrOn4G_Sm-4Q","R & D Motorcycles","3166 Tampa Rd, Ste 11","Oldsmar","FL","34677","28.050108","-82.69704","5.0","5","1",,"Automotive, Motorcycle Repair",
"nuXgC0Jvks85kwEnog7Paw","Honey Baked Ham Company","10841 Manchester Rd","Kirkwood","MO","63122","38.6001855002","-90.408125787","4.0","11","1","{alcohol=u'none', businessacceptscreditcards=True, goodforkids=True, restaurantsreservations=False, bikeparking=False, businessparking={'garage': False, 'street': False, 'validated': False, 'lot': False, 'valet': False}, restaurantsgoodforgroups=True, restaurantsattire=u'casual', restaurantstakeout=True, restaurantspricerange2=2, noiselevel=u'average', restaurantsdelivery=True, hastv=True, outdoorseating=False}","Meat Shops, Delis, Restaurants, Sandwiches, Event Planning & Services, Caterers, Food, Specialty Food, Cafes","{sunday=11:0-17:0, saturday=10:0-18:0, tuesday=9:0-18:0, wednesday=9:0-18:0, thursday=9:0-18:0, friday=9:0-18:0, monday=9:0-18:0}"
"gcU0j-rNXLGW-QTbpyd5hg","Go Coach Charters","2016 Sherwood Drive, Suite 15","Sherwood Park","AB","T8A 3X3","53.5273709","-113.2940249","4.5","5","1","{byappointmentonly=False}","Travel Services, Bus Rental, Transportation, Bus Tours, Local Services, Tours, Buses, Hotels & Travel","{saturday=0:0-0:0, tuesday=0:0-0:0, wednesday=0:0-0:0, thursday=0:0-0:0, friday=0:0-0:0, monday=0:0-0:0}"
"ul6PdEMSxDsQBx7XXSpzsg","Red Bloom Asian Kitchen","3800 S Virginia St","Reno","NV","89502","39.4889497","-119.7937189","3.5","83","1","{alcohol=u'full_bar', businessacceptscreditcards=True, bikeparking=True, restaurantsreservations=True, wifi=u'free', businessparking={'garage': False, 'street': True, 'validated': False, 'lot': False, 'valet': False}, caters=False, restaurantspricerange2=2, restaurantstakeout=True, restaurantstableservice=True, wheelchairaccessible=True, happyhour=True, ambience={u'divey': False, u'hipster': False, u'casual': True, u'touristy': True, u'trendy': None, u'intimate': None, u'romantic': None, u'classy': None, u'upscale': None}, restaurantsdelivery=True, dogsallowed=False, hastv=False, businessacceptsbitcoin=False, outdoorseating=False}","Chinese, Restaurants, Asian Fusion, Korean","{sunday=11:30-22:0, saturday=11:30-23:0, tuesday=11:30-22:0, wednesday=11:30-22:0, thursday=11:30-22:0, friday=11:30-23:0, monday=11:30-22:0}"
"H5LMAeRpxcOcFzoZapoNQg","Wallace Auto Service","700 East Haverford Rd","Bryn Mawr","PA","19010","40.016273","-75.3209997","3.5","6","1","{businessacceptscreditcards=True}","Auto Repair, Automotive, Tires, Transmission Repair, Gas Stations, Oil Change Stations","{sunday=6:0-22:0, saturday=6:0-22:0, tuesday=6:0-22:0, wednesday=6:0-22:0, thursday=6:0-22:0, friday=6:0-22:0, monday=6:0-22:0}"
"2_0rQGk_MBN7bD1JNp8qyQ","Tire Choice Auto Service Centers","9240 N 56th St","Temple Terrace","FL","33617","28.0339044925","-82.3940571351","4.0","9","1",,"Automotive, Tires, Auto Repair, Oil Change Stations","{sunday=9:0-17:0, saturday=9:0-17:0, tuesday=7:30-18:0, wednesday=7:30-18:0, thursday=7:30-18:0, friday=7:30-17:0, monday=0:0-0:0}"
"AlB7Epl1JXxRmm2-kvhDqA","Hess & Sandeen Plastic Surgery","7436 N La Cholla Blvd","Tucson","AZ","85741","32.3418163","-111.0108791","4.5","11","1","{businessacceptscreditcards=True, byappointmentonly=True}","Health & Medical, Beauty & Spas, Plastic Surgeons, Doctors, Medical Spas, Cosmetic Surgeons","{wednesday=8:30-17:0, thursday=8:30-17:0, friday=8:30-17:0, tuesday=8:30-17:0, monday=8:30-17:0}"
"bO74q19WScEq3WTLdSZddg","Lee House","7904 104 Street NW","Edmonton","AB","T6E 0C3","53.5154525","-113.4980954","3.5","14","0","{restaurantsreservations=True, goodforkids=True, bikeparking=True, businessparking={'garage': False, 'street': False, 'validated': False, 'lot': False, 'valet': False}, caters=False, restaurantsgoodforgroups=True, restaurantsattire=u'casual', restaurantspricerange2=2, restaurantstakeout=True, ambience={'romantic': False, 'intimate': False, 'classy': False, 'hipster': False, 'divey': False, 'touristy': False, 'trendy': False, 'upscale': False, 'casual': True}, noiselevel=u'average', restaurantsdelivery=False, hastv=True, outdoorseating=False}","Restaurants, Korean","{saturday=11:30-21:30, tuesday=11:30-21:30, wednesday=11:30-21:30, thursday=11:30-21:30, friday=11:30-21:30, monday=11:30-21:30}"
"kpfXEx2fbBrRM5yERTmhcw","Jay's Fabric Center","801 Pasadena Ave S","Saint Petersburg","FL","33707","27.7621048","-82.7355022","4.0","14","1","{restaurantspricerange2=2, businessparking=None, businessacceptscreditcards=True, bikeparking=False}","Fabric Stores, Shopping, Arts & Crafts","{saturday=9:0-17:30, tuesday=9:0-17:30, wednesday=9:0-17:30, thursday=9:0-17:30, friday=9:0-17:30, monday=9:0-17:30}"
"tHPZgqtmvsrvFwPVKL8Ssw","Big Al's","1900 N Eagle Rd","Meridian","ID","83642","43.622328","-116.3507165","2.5","214","1","{restaurantsreservations=False, goodforkids=True, businessparking={'garage': False, 'street': False, 'validated': False, 'lot': True, 'valet': False}, byappointmentonly=False, goodfordancing=False, restaurantsgoodforgroups=True, restaurantsattire=u'casual', restaurantstakeout=True, restaurantspricerange2=2, music={'dj': False, 'background_music': False, 'no_music': False, 'jukebox': False, 'live': False, 'video': False, 'karaoke': False}, wheelchairaccessible=True, restaurantstableservice=False, happyhour=True, noiselevel='loud', restaurantsdelivery=True, smoking=u'no', dogsallowed=True, businessacceptsbitcoin=False, alcohol=u'full_bar', businessacceptscreditcards=True, wifi=u'free', bikeparking=True, coatcheck=False, caters=False, goodformeal={'dessert': False, 'latenight': True, 'lunch': False, 'dinner': True, 'brunch': False, 'breakfast': False}, ambience={'romantic': False, 'intimate': False, 'touristy': False, 'hipster': False, 'divey': False, 'classy': False, 'trendy': False, 'upscale': False, 'casual': True}, bestnights={'monday': False, 'tuesday': True, 'friday': True, 'wednesday': False, 'thursday': False, 'sunday': False, 'saturday': True}, hastv=True, outdoorseating=True}","Arcades, Arts & Entertainment, Restaurants, Sports Bars, American (Traditional), Nightlife, Bars","{sunday=10:30-22:0, saturday=14:0-22:0, tuesday=15:0-22:0, wednesday=15:0-22:0, thursday=15:0-22:0, friday=15:0-0:0, monday=15:0-22:0}"
"5CHjDZYRVAdj3MJ3oc4v4g","Pentridge Station Beer Garden","5116  Pentridge St","Philadelphia","PA","19143","39.9455249536","-75.2242228389","4.5","9","1","{restaurantspricerange2=1, businessacceptscreditcards=True, music={u'dj': False, u'live': True, u'jukebox': False, u'video': False, u'background_music': False, u'karaoke': False, u'no_music': False}, ambience={'touristy': False, 'hipster': False, 'romantic': False, 'divey': False, 'intimate': False, 'trendy': False, 'upscale': False, 'classy': False, 'casual': False}, businessparking={'garage': False, 'street': False, 'validated': False, 'lot': False, 'valet': False}, bestnights={'monday': False, 'tuesday': False, 'friday': False, 'wednesday': False, 'thursday': False, 'sunday': False, 'saturday': True}, hastv=True, restaurantsgoodforgroups=True}","Donuts, Food, Nightlife, Beer Gardens","{sunday=18:0-23:0, friday=18:0-23:0, saturday=18:0-23:0}"
"49ptOympWMzyHOvBMH0yzg","The Frame Shop of Conshohocken","537 Germantown Pike","Lafayette Hill","PA","19444","40.0865433","-75.2515691","4.0","9","1","{businessparking={'garage': False, 'street': False, 'validated': False, 'lot': True, 'valet': False}, businessacceptscreditcards=True, byappointmentonly=False, bikeparking=True}","Arts & Entertainment, Art Galleries, Arts & Crafts, Home Decor, Home & Garden, Shopping, Photography Stores & Services, Framing","{wednesday=10:0-20:0, thursday=10:0-18:0, friday=10:0-18:0, saturday=10:0-16:0, tuesday=10:0-18:0}"
"LgItzDqxncbd5x-TQFvUPg","Bad Axe Throwing Nashville","648 Fogg St","Nashville","TN","37203","36.1511699","-86.7774162","5.0","18","1","{alcohol=u'full_bar', businessacceptscreditcards=True, bikeparking=True, wifi=u'free', restaurantsreservations=True, businessparking={'garage': False, 'street': True, 'validated': False, 'lot': True, 'valet': False}, restaurantstakeout=True, wheelchairaccessible=True, restaurantstableservice=True, happyhour=True, restaurantsdelivery=False, dogsallowed=False, hastv=True, outdoorseating=True}","Active Life, Event Planning & Services, Restaurants, Axe Throwing, Venues & Event Spaces, American (Traditional)","{sunday=11:0-21:0, saturday=10:0-0:0, tuesday=11:0-21:0, wednesday=11:0-21:0, thursday=11:0-22:0, friday=11:0-0:0, monday=0:0-0:0}"
"6490ZYHnPTjhzs_K0RpGtA","Family Dental Spa of Brandon","520 Oakfield Dr","Brandon","FL","33511","27.9340213","-82.2916569","3.5","9","1","{businessacceptscreditcards=True, bikeparking=True, wifi=u'free', wheelchairaccessible=True, acceptsinsurance=True, businessparking={'garage': False, 'street': True, 'validated': False, 'lot': True, 'valet': False}, byappointmentonly=False}","Medical Spas, Health & Medical, Cosmetic Dentists, Insurance, Beauty & Spas, Financial Services, Diagnostic Services, General Dentistry, Diagnostic Imaging, Dentists","{saturday=9:0-13:0, tuesday=7:30-18:0, wednesday=7:30-18:0, thursday=7:30-18:0, friday=7:30-18:0, monday=7:30-18:0}"
"Bk27awl9fNTOqJwrq_PRvA","Prominence Health Plan","1510 Meadow Wood Ln","Reno","NV","89502","39.4727117","-119.7780577","1.5","6","1",,"Health & Medical, Health Insurance Offices, Insurance, Financial Services","{wednesday=8:0-17:0, thursday=8:0-17:0, friday=8:0-17:0, tuesday=8:0-17:0, monday=0:0-0:0}"
"EMfJpVozzk238AM51H18Dw","Meltdown","508 Dumaine St","New Orleans","LA","70116","29.958501","-90.06163","4.5","119","0","{restaurantspricerange2=1, businessparking={'garage': False, 'street': True, 'validated': False, 'lot': False, 'valet': False}, businessacceptscreditcards=False, wifi=u'no'}","Desserts, Food, Ice Cream & Frozen Yogurt","{sunday=13:0-18:0, thursday=13:0-18:0, friday=13:0-18:0, saturday=13:0-18:0}"
"fljvKPPISeG9wfIFjM8XHA","Days Inn by Wyndham Tucson City Center","665 North Freeway","Tucson","AZ","85745","32.2307818618","-110.9836525023","1.0","7","1",,"Event Planning & Services, Hotels, Hotels & Travel",
"F5g0nskSr_xd0XxXTsKoPQ","Mancuso Lucio J & Son","1902 E Passyunk Ave","Philadelphia","PA","19148","39.9264834","-75.1676599","4.5","20","1","{restaurantspricerange2=2, restaurantstakeout=True, businessparking={'garage': False, 'street': True, 'validated': False, 'lot': False, 'valet': False}, businessacceptscreditcards=True, bikeparking=True}","Cheese Shops, Specialty Food, Food","{sunday=10:0-15:0, saturday=8:0-18:0, tuesday=8:0-18:0, wednesday=8:0-18:0, thursday=8:0-18:0, friday=8:0-18:0, monday=8:0-18:0}"
"ocLAsvE07AJcbTbi2BxiPQ","Drexel University","3141 Chestnut St","Philadelphia","PA","19104","39.956613","-75.189944","2.5","32","1",,"Education, Colleges & Universities","{wednesday=8:0-17:0, thursday=8:0-17:0, friday=8:0-17:0, tuesday=8:0-17:0, monday=8:0-17:0}"
"xjUtI0-k_d1-ZvBqXU9TYA","Old Herald Brewery & Distillery","115 E Clay St","Collinsville","IL","62234","38.6713918","-89.986116","4.0","107","1","{businessacceptscreditcards=True, goodforkids=True, coatcheck=False, bikeparking=True, restaurantsreservations=False, wifi=u'free', businessparking={u'valet': False, u'garage': False, u'street': True, u'lot': None, u'validated': False}, byappointmentonly=False, caters=False, restaurantstakeout=False, restaurantspricerange2=2, wheelchairaccessible=True, happyhour=False, restaurantsdelivery=False, noiselevel=u'average', dogsallowed=False, outdoorseating=True}","Food, Restaurants, American (New), Brewpubs, Event Planning & Services, Venues & Event Spaces, Breweries, Nightlife, Distilleries, Bars, Pubs","{sunday=12:0-20:0, saturday=11:0-22:0, tuesday=11:0-21:0, wednesday=11:0-21:0, thursday=11:0-21:0, friday=11:0-22:0, monday=0:0-0:0}"
"IYvAoKrKgFLoxuf7E8jN7g","Himalayan Salt Cave","100 Schaeffer St","Boyertown","PA","19525","40.3365017644","-75.6375535628","4.5","6","1","{businessparking={'garage': False, 'street': False, 'validated': False, 'lot': False, 'valet': False}, goodforkids=False}","Health & Medical, Reiki, Yoga, Reflexology, Day Spas, Fitness & Instruction, Beauty & Spas, Active Life","{sunday=9:0-16:0, wednesday=9:0-20:0, thursday=9:0-20:0, friday=9:0-20:0, saturday=9:0-16:0}"
"z4yBWuipKoas_hK9RrSARA","Fine Wine & Good Spirits - Premium Collection","The Court At Grant Ave, 2550 Grant Ave","Philadelphia","PA","19114","40.0779888","-75.0273447","4.0","12","1","{restaurantspricerange2=2, restaurantstakeout=False, drivethru=None, businessacceptscreditcards=True, bikeparking=True, restaurantsdelivery=True, businessparking={'garage': False, 'street': False, 'validated': False, 'lot': False, 'valet': False}}","Food, Beer, Wine & Spirits","{sunday=11:0-19:0, saturday=9:0-22:0, tuesday=9:0-22:0, wednesday=9:0-22:0, thursday=9:0-22:0, friday=9:0-22:0, monday=0:0-0:0}"
"ObduC1ld-h8FIU0lEb5hlA","Jiffy Lube","7443 E. Broadway Blvd.","Tucson","AZ","85710","32.221405","-110.833747","4.0","72","1","{businessacceptscreditcards=True}","Oil Change Stations, Automotive, Auto Repair","{saturday=7:0-18:0, tuesday=7:0-18:0, wednesday=7:0-18:0, thursday=7:0-18:0, friday=7:0-18:0, monday=0:0-0:0}"
"yp9w-WtBpw0xbS4uXeDfyw","Natural Healing Care Center","2231 E Speedway Blvd","Tucson","AZ","85719","32.2363932","-110.938770795","4.5","16","1","{businessparking={'garage': False, 'street': False, 'validated': False, 'lot': False, 'valet': False}, acceptsinsurance=False, businessacceptscreditcards=True, byappointmentonly=True, wifi=u'no'}","Health & Medical, Massage, Physical Therapy, Acupuncture, Cannabis Clinics, Food, Naturopathic/Holistic, Grocery, Massage Therapy, Medical Cannabis Referrals, Cannabis Tours, Doctors, Beauty & Spas","{wednesday=10:0-18:0, thursday=10:0-17:0, friday=10:0-17:0, tuesday=10:0-18:0, monday=10:0-17:0}"
"Z07SpS9S5WCV_I5x1sN4yA","Pat's Philly Pretzels","670 E 42nd St","Indianapolis","IN","46205","39.8325084","-86.1454074","4.0","63","0","{restaurantspricerange2=1, restaurantstakeout=True, businessacceptscreditcards=True, bikeparking=True, restaurantsdelivery=True, businessparking={'garage': False, 'street': True, 'validated': False, 'lot': False, 'valet': False}, caters=True}","Food, Pretzels, Bakeries","{saturday=10:0-18:0, tuesday=10:0-18:0, wednesday=10:0-18:0, thursday=10:0-18:0, friday=10:0-18:0, monday=10:0-18:0}"
"rARTlhogYHruyMsuNkRV6A","Taco Bell","2003 Zumbehl Rd","Saint Charles","MO","63303","38.7827597","-90.5327613","2.5","13","1","{alcohol=u'none', businessacceptscreditcards=True, goodforkids=True, restaurantsreservations=False, wifi=u'no', bikeparking=True, businessparking={'garage': False, 'street': False, 'validated': False, 'lot': True, 'valet': False}, caters=False, restaurantsgoodforgroups=True, restaurantsattire=u'casual', restaurantstakeout=True, restaurantspricerange2=1, drivethru=True, goodformeal={'dessert': False, 'latenight': False, 'lunch': False, 'dinner': False, 'brunch': False, 'breakfast': False}, ambience={'romantic': False, 'intimate': False, 'touristy': False, 'hipster': False, 'divey': False, 'classy': False, 'trendy': False, 'upscale': False, 'casual': False}, noiselevel=u'average', restaurantsdelivery=True, hastv=True, outdoorseating=False}","Restaurants, Breakfast & Brunch, Fast Food, Mexican, Tacos, Tex-Mex","{sunday=9:0-0:0, saturday=9:0-0:0, tuesday=9:0-22:0, wednesday=9:0-22:0, thursday=9:0-22:0, friday=9:0-0:0, monday=9:0-22:0}"
"v29k1faKHDdtJisrTauBRw","Royal Farms","3314 Market St","Aston","PA","19014","39.843615","-75.426046","2.5","13","1","{restaurantspricerange2=2, restaurantstakeout=True, businessacceptscreditcards=True, bikeparking=True, restaurantsdelivery=True, businessparking={'garage': False, 'street': False, 'validated': False, 'lot': False, 'valet': False}}","Food, Do-It-Yourself Food, Gas Stations, Automotive","{sunday=0:0-0:0, saturday=0:0-0:0, tuesday=0:0-0:0, wednesday=0:0-0:0, thursday=0:0-0:0, friday=0:0-0:0, monday=0:0-0:0}"
"J3g66wKek-2FTCotE7em5w","Cody's Original Roadhouse","3101 Commercial Way","Spring Hill","FL","34606","28.4760621","-82.6145323","3.0","128","1","{alcohol=u'full_bar', businessacceptscreditcards=True, wifi=u'no', goodforkids=True, bikeparking=True, restaurantsreservations=True, businessparking={'garage': False, 'street': False, 'validated': False, 'lot': True, 'valet': False}, caters=False, restaurantsgoodforgroups=True, restaurantsattire=u'casual', restaurantspricerange2=2, restaurantstakeout=True, goodformeal={'dessert': False, 'latenight': False, 'lunch': True, 'dinner': True, 'brunch': False, 'breakfast': False}, happyhour=True, ambience={'touristy': False, 'hipster': False, 'romantic': False, 'divey': None, 'intimate': False, 'trendy': False, 'upscale': False, 'classy': False, 'casual': True}, noiselevel=u'average', restaurantsdelivery=True, hastv=True, outdoorseating=False}","Steakhouses, Restaurants, Pizza, American (New), American (Traditional)","{sunday=11:0-21:0, saturday=11:0-22:0, tuesday=11:0-21:0, wednesday=11:0-21:0, thursday=11:0-21:0, friday=11:0-22:0, monday=0:0-0:0}"
"Bb3gOleSBIq9CYtVtfmvUw","Press And Release Printing","","Philadelphia","PA","19122","39.9795244","-75.145782","5.0","16","1","{restaurantstakeout=False, businessacceptscreditcards=True, byappointmentonly=True, restaurantsdelivery=True}","Screen Printing/T-Shirt Printing, Marketing, Local Services, Printing Services, Screen Printing, Professional Services, Graphic Design","{wednesday=9:0-17:30, thursday=9:0-17:30, friday=9:0-17:30, tuesday=9:0-17:30, monday=9:0-17:30}"
"rqf9lnFvPuRWE5rb_pm3sA","Growler's Pizza Grill","9931 W Cable Car St","Boise","ID","83709","43.5909252","-116.3053962","4.0","54","1","{alcohol=u'beer_and_wine', businessacceptscreditcards=True, goodforkids=True, restaurantsreservations=False, bikeparking=True, businessparking={'garage': False, 'street': False, 'validated': False, 'lot': False, 'valet': False}, byappointmentonly=False, restaurantsgoodforgroups=True, restaurantsattire='casual', restaurantspricerange2=2, restaurantstakeout=True, goodformeal={'dessert': False, 'latenight': None, 'lunch': True, 'dinner': True, 'brunch': None, 'breakfast': None}, restaurantstableservice=False, ambience={'touristy': False, 'hipster': False, 'romantic': False, 'divey': False, 'intimate': False, 'trendy': None, 'upscale': None, 'classy': False, 'casual': None}, happyhour=True, restaurantsdelivery=False, noiselevel=u'quiet', hastv=True, outdoorseating=True}","Restaurants, Sandwiches, Burgers, Pizza","{sunday=11:0-21:0, saturday=11:0-22:0, tuesday=11:0-21:0, wednesday=11:0-21:0, thursday=11:0-21:0, friday=11:0-22:0, monday=11:0-21:0}"
"qLIb2QTmlj0WWBV5klE6hA","Chive Cafe","74 N Main St","Lambertville","NJ","08530","40.3686171259","-74.9432768673","4.5","147","1","{alcohol=u'none', businessacceptscreditcards=True, wifi=u'free', bikeparking=True, goodforkids=True, restaurantsreservations=True, businessparking={'garage': False, 'street': False, 'validated': False, 'lot': True, 'valet': False}, caters=True, restaurantsgoodforgroups=True, restaurantsattire=u'casual', restaurantstakeout=True, restaurantspricerange2=2, goodformeal={'dessert': False, 'latenight': False, 'lunch': True, 'dinner': None, 'brunch': None, 'breakfast': None}, ambience={'romantic': False, 'intimate': False, 'touristy': False, 'hipster': False, 'divey': False, 'classy': False, 'trendy': False, 'upscale': False, 'casual': True}, happyhour=False, restaurantsdelivery=True, noiselevel='average', hastv=False, outdoorseating=True}","Restaurants, Event Planning & Services, Coffee & Tea, Breakfast & Brunch, Food, Cafes, Caterers","{sunday=8:0-15:0, saturday=8:0-15:0, tuesday=7:30-15:0, wednesday=7:30-15:0, thursday=7:30-15:0, friday=7:30-15:0, monday=7:30-15:0}"
